NU_CNPB_PLANO_DA;SG_PLANO_DA;NM_PLANO_DA;SG_EFPC_DA;NU_MATRICULA_EFPC
2011002419;ABEPOM PREVIDÊNCIA;PLANO DE BENEFÍCIOS PREVIDENCIÁRIOS DOS MILITARES ESTADUAIS ¿ PLANO ABEPOM PREVIDÊNCIA;MAIS FUTURO;4221
2006004247;PLANO ACPREV;PLANO DE BENEFÍCIOS ACPREV;MAIS FUTURO;4221
2012001629;PLANO DENTALUNIPREV;PLANO DE BENEFÍCIOS DENTALUNIPREV;MAIS FUTURO;4221
2012001874;MAIS FUTURO(FAMÍLIA);PLANO COOPERATIVO DE PREVIDÊNCIA MAIS FUTURO;MAIS FUTURO;4221
2015001883;COPANPREV;PLANO DE BENEFÍCIOS COPANPREV;MAIS FUTURO;4221
2005000892;PLANO JMALUCELLI;PLANO DE BENEFÍCIOS JMALUCELLI;MAIS FUTURO;4221
2018000365;FAMÍLIA CERES (FAMÍLIA);FAMÍLIA CERES;CERES;237
1979000174;PRV;PLANO DE RENDA VINCULADA - PRV;PREVDATA;1715
1971000256;PLENUS;PLANO DE BENEFÍCIOS PLENUS;PREVHAB;727
2013000911;ABDI-FLEXCERES;PLANO DE BENEFÍCIOS ABDI-FLEXCERES;CERES;237
2004001992;CYAMPREV;PLANO DE APOSENTADORIA CYAMPREV;CYAMPREV;2484
2005000183;CYAMPREV II;PLANO DE APOSENTADORIA CYAMPREV II;CYAMPREV;2484
2014000883;EMATERDF-FLEXCERES;PLANO DE BENEFÍCIOS EMATERDF-FLEXCERES;CERES;237
2009001192;CIDASC-FLEXCERES;PLANO DE BENEFÍCIOS CIDASC-FLEXCERES;CERES;237
1979000565;2.EMBRATER - PLANO BD;2.EMBRATER - PLANO DE BENEFÍCIO DEFINIDO;CERES;237
1981000518;ÚNICO;ÚNICO;DERMINAS;299
1982000856;EPAMIG  BD;PLANO BÁSICO-EPAMIG;CERES;237
1981000119;EPAGRI BD;PLANO BÁSICO DE BENEFÍCIOS BD DA EPAGRI;CERES;237
2012001718;PB CD-02;PLANO DE BENEFICIOS CD-02;REGIUS;895
2014002118;PB CD - METRO - DF;PLANO DE BENEFÍCIOS  - CD - METRO - DF;REGIUS;895
2017000183;PB CD - 05;PLANO DE BENEFÍCIOS - CD - 05;REGIUS;895
2020001829;BRASÍLIAPREV;PLANO DE BENEFÍCIOS BRASÍLIAPREV;REGIUS;895
2021003574;REGIUSPREV (SERVIDOR);REGIUSPREV;REGIUS;895
1998006565;IDEALPREV;PLANO MISTO DE BENEFÍCIOS PREVIDENCIÁRIOS Nº 001;NÉOS;4831
1982000147;EMATER BD;PLANO BÁSICO-EMATER;CERES;237
1979001911;BD;PLANO DE BENEFÍCIOS DEFINIDO;CABEC;165
2016000465;PLANO GE ENERGIA;PLANO DE APOSENTADORIA GE ENERGIA;GEBSA-PREV;2909
1985000792;BD-01;PLANO DE BENEFÍCIOS BD-01;REGIUS;895
2010004711;GE AVIATION;PLANO DE BENEFÍCIOS GE AVIATION;GEBSA-PREV;2909
1988002729;PLANO BD;PLANO DE BENEFÍCIOS PREVIDENCIÁRIOS DA FASERN - 001;NÉOS;4831
2010002318;MICRO PREV;PLANO DE BENEFÍCIOS MICRO PREV;SUL PREVIDÊNCIA;4621
1979000492;EMBRAPA  BD;PLANO BÁSICO DE PREVIDÊNCIA COMPLEMENTAR - EMBRAPA;CERES;237
2010005392;PLANO CIADPREV;PLANO DE BENEFÍCIOS PREVIDENCIÁRIOS DOS MINISTROS RELIGIOSOS DA ASSEMBLÉIA DE DEUS;SUL PREVIDÊNCIA;4621
1974000583;PBP Nº 2;PLANO DE BENEFÍCIOS PREVIDENCIÁRIOS Nº 002;NÉOS;4831
2019001829;PLANO;PLANO DE CONTRIBUIÇÃO DEFINIDA NÉOS;NÉOS;4831
2019002329;VALIA (FAMÍLIA);PLANO INSTITUÍDO SETORIAL PREVALER;VALIA;2083
1988000629;PBD;PLANO DE BENEFÍCIO DEFINIDO;FASC;401
1997000611;PCD;PLANO DE CONTRIBUIÇÃO DEFINIDA;FASC;401
2007002574;EMATER SD;PLANO SALDADO-EMATER;CERES;237
2011001765;PLENOPREV;PLENOPREV;SUL PREVIDÊNCIA;4621
1981000747;PBD-I;PLANO DE BENEFÍCIO I - PBD-I;FAPERS;1403
1996003747;SARAHPREV;PLANO DE BENEFÍCIOS SARAHPREV;SARAH PREVIDÊNCIA;4947
1999000919;EMBRAER PREV;PLANO DE APOSENTADORIA EMBRAER PREV;EMBRAER PREV;4581
2005006311;ALBAPREV;PLANO DE BENEFÍCIOS ALBAPREV;ALBAPREV;4385
1999000838;PREVCUMMINS;PLANO DE BENEFICIOS PREVCUMMINS;PREVCUMMINS;1701
1993003411;GEBSA PREV;PLANO DE APOSENTADORIA;GEBSA-PREV;2909
2007003147;EPAMIG SD;PLANO SALDADO-EPAMIG;CERES;237
2005002283;EPAGRI SD;PLANO SALDADO EPAGRI;CERES;237
1982001119;PLANO FUNBEP I;PLANO DE BENEFÍCIOS I;FUNBEP;504
1998002918;PLANO FUNBEP II;PLANO DE BENEFÍCIOS II;FUNBEP;504
2006005383;PLANO DE BENEFÍCIOS II;PLANO DE BENEFÍCIOS II;ITAU UNIBANCO;611
1983000418;PLANO FRANPREV;PLANO DE BENEFÍCIOS FRANPREV;ITAU UNIBANCO;611
2009002865;PLANO ITAUBANCO CD;PLANO ITAUBANCO CD;ITAU UNIBANCO;611
2009002611;PLANO ITAÚ CD;PLANO DE CONTRIBUIÇÃO VARIÁVEL ITAUCARD;ITAU UNIBANCO;611
1990000347;PLANO BÁSICO ITAULAM;PLANO BÁSICO ITAULAM;ITAU UNIBANCO;611
1990000592;PLANO SUPLEMENTAR ITAULAM;PLANO SUPLEMENTAR ITAULAM;ITAU UNIBANCO;611
1979000956;PLANO N.º 002;PLANO DE BENEFÍCIOS 002;ITAU UNIBANCO;611
1984001019;PREBEG;PLANO DE BENEFÍCIOS PREBEG;ITAU UNIBANCO;611
2019002019;PLANO PRINCIPAL ITAU UNIBANCO;PLANO DE APOSENTADORIA PRINCIPAL ITAÚ UNIBANCO;ITAU UNIBANCO;611
2019002183;PLANO SUPLEMENTAR ITAÚ UNIBANCO;PLANO DE APOSENTADORIA SUPLEMENTAR ITAÚ UNIBANCO;ITAU UNIBANCO;611
2021000192;CELOS FAMÍLIA;PLANO SETORIAL CELOS FAMÍLIA;CELOS;211
2007000792;EMBRAPA CV;PLANO EMBRAPA-FLEXCERES;CERES;237
2007001047;CERES BD;PLANO BÁSICO CERES;CERES;237
1996005138;MISTO;PLANO MISTO DE BENEFÍCIOS PREVIDENCIÁRIOS Nº 001;CELOS;211
1996005219;TRANSITÓRIO;PLANO TRANSITÓRIO DE BENEFÍCIOS;CELOS;211
1997002329;PECÚLIO;PLANO DE PECÚLIO;CELOS;211
1998003647;FAELFLEX;PLANO MISTO DE BENEFÍCIOS PREVIDENCIÁRIOS Nº 001;NÉOS;4831
1974000192;ULTRAPREV;PLANO ULTRAPREV DE SUPLEMENTAÇÃO DE BENEFÍCIOS;ULTRAPREV;2066
2005005274;CELPOS CD;PLANO MISTO I DE BENEFÍCIOS;NÉOS;4831
1981000283;PLANO BD;PLANO DE BENEFICIOS DEFINIDOS;NÉOS;4831
1980000719;SÃO BERNARDO;PLANO DE PREVIDÊNCIA COMPLEMENTAR SÃO BERNARDO;SAO BERNARDO;919
2005002356;EPAGRI CV;PLANO EPAGRI-FLEXCERES;CERES;237
2022002083;MAIS PREMIUM;PLANO DE BENEFÍCIOS MAIS PREMIUM;SUL PREVIDÊNCIA;4621
2005001538;PB DME - II;PLANO DE BENEFÍCIOS DME - II;SUPREV;984
1981000992;PB 001;PLANO DE BENEFÍCIOS N.º 001 - BROOKLYN;SUPREV;984
1994002883;PB DME;PLANO DE BENEFÍCIOS N.º 006 - DME;SUPREV;984
2013000847;PLANO MISTO;PLANO DE BENEFÍCIOS II;SAO FRANCISCO;922
2017001392;PLANO SALDADO;PLANO DE BENEFÍCIOS III SALDADO;SAO FRANCISCO;922
1985000229;PBCOOPER;PLANO DE BENEFÍCIOS COOPERCOTIA;SOMUPP;1273
2007000865;CERES-FLEXCERES;CERES-FLEXCERES;CERES;237
1998004929;PREVIHONDA;PLANO DE APOSENTADORIA PREVIHONDA;PREVIHONDA;3839
2009001583;PLANO DE APOSENTADORIA DO BANCO HONDA;PLANO DE APOSENTADORIA DO BANCO HONDA;PREVIHONDA;3839
2007002647;EMATER CV;PLANO EMATERMG-FLEXCERES;CERES;237
2007003392;EPAMIG CV;PLANO EPAMIG-FLEXCERES;CERES;237
1987001729;PLANO XCI;PLANO DE APOSENTADORIA DA XEROX COMÉRCIO E INDÚSTRIA LTDA;SAO RAFAEL;2004
1981001018;PLANO BD;PLANO DE BENEFICIOS I;SAO FRANCISCO;922
2002001911;PLANO IBPPREV ASSOCIADOS;PLANO IBPPREV ASSOCIADOS;PETROS;655
2006001256;PLANO CRAPREV;PLANO CRAPREV;PETROS;655
2005000411;PLANO CROPREV;PLANO DE PREVIDÊNCIA CROPREV;PETROS;655
2009001974;PREV-ESTAT;PREV-ESTAT;PETROS;655
2010001583;PETRO_RG;PLANO PETRO RG;PETROS;655
1999003111;PLANO REPSOL;PLANO DE PREVIDÊNCIA REPSOL;PETROS;655
2008002756;PLANO PTAPREV;PLANO DE PREVIDÊNCIA DA COMPANHIA PETROQUÍMICA DE PERNAMBUCO;PETROS;655
2006000911;PLANO DE BENEFÍCIOS SYNGENTA;PLANO DE BENEFÍCIOS SYNGENTA;SYNGENTA PREVI;1585
2010000447;PLANO GASPREV;PLANO GASPREV;PETROS;655
2008001229;TOKIO MARINE;PLANO DE PREVIDENCIA TOKIO MARINE;IFM;3126
2006003747;PLANO DE BENEFÍCIOS MINERAÇÃO DESCALVADO;PLANO DE BENEFÍCIOS MINERAÇÃO DESCALVADO;IFM;3126
2006003811;PLANO DE BENEFÍCIOS CISPER;PLANO DE BENEFÍCIOS CISPER;IFM;3126
1997001918;SWPREV;PLANO DE APOSENTADORIA SWPREV;IFM;3126
1994001674;PLANO SOUTH32;PLANO DE BENEFÍCIOS SOUTH32;IFM;3126
1994000538;PREVISESC;PLANO DE BENEFÍCIOS PREVISESC;MULTIPLA;2823
1994000465;PREVISENAC;PLANO DE BENEFÍCIOS PREVISENAC;MULTIPLA;2823
2010002547;PLANO LIQUIGÁS;PLANO LIQUIGÁS;PETROS;655
2005006711;VOTORANTIM PREV;PLANO DE BENEFÍCIOS VOTORANTIM PREV;FUNSEJEM;2912
2009002474;SBOTPREV;PLANO DE BENEFÍCIOS SBOTPREV;SBOTPREV;4618
1997002183;ARYSTA PREV BD;PLANO DE BENEFÍCIOS ARYSTA PREV BD;BB PREVIDENCIA;3188
1979003718;PLANO BD;PLANO DE BENEFÍCIO DEFINIDO;ITAUSAINDL;3023
1993003738;VCNE;PLANO DE BENEFÍCIOS VCNE;FUNSEJEM;2912
2001001983;CAMPARI SUPL.;PLANO DE BENEFÍCIOS SUPLEMENTAR CAMPARI-PREV;IFM;3126
1974000419;PLANO A/B;PLANO DE BENEFÍCIOS A/B;BRASLIGHT;1105
1997003147;PLANO C;PLANO C;BRASLIGHT;1105
2004001356;SIMEPREV;PLANO SIMEPREV;PETROS;655
2002000719;EBC PREV;PLANO DE BENEFÍCIOS EBC PREV;BB PREVIDENCIA;3188
2005005811;PLANO DE BENEFÍCIOS II FMC QUÍMICA;PLANO DE BENEFÍCIOS II FMC QUÍMICA;IFM;3126
1997001047;AURORA PREV;PLANO DE BENEFÍCIOS AURORA PREV;BB PREVIDENCIA;3188
2010003365;PLANO BD SALDADO;PLANO SALDADO DE BENEFICIO DEFINIDO;BB PREVIDENCIA;3188
1988002419;BD;PLANO DE BENEFÍCIOS PREVIDENCIÁRIOS Nº 01;FUNCASAL;1511
1997004674;ITAUBANK;PLANO DE APOSENTADORIA ITAUBANK;ITAU UNIBANCO;611
2010004418;REDECARD;PLANO DE PREVIDÊNCIA REDECARD;ITAU UNIBANCO;611
1988001218;FIBRA;PLANO DE BENEFÍCIOS FIBRA SALDADO;FIBRA;571
1994004118;BD;PLANO DE BENEFÍCIO DEFINIDO;CAPITAL PREV;3161
1988003229;PREVICOKE BD;PLANO DE BENEFÍCIOS BD PREVICOKE;PREVICOKE;2172
2005005111;PLANO II;PLANO DE BENEFÍCIOS II;CAPITAL PREV;3161
2009002547;PLANO  BD  ITAUCARD;PLANO DE BENEFICIO DEFINIDO ITAUCARD;ITAU UNIBANCO;611
2006003992;PLANO DE BENEFÍCIOS OWENS;PLANO DE BENEFÍCIOS OWENS ILLINOIS;IFM;3126
1999001265;NOSSAPREV;PLANO DE BENEFÍCIOS GRUPO NATURA&CO;AVONPREV;3928
2005005665;PHIBRO PREV;PLANO DE BENEFÍCIOS PHIBRO SAÚDE ANIMAL INTERNACIONAL;MULTIBRA;1482
2005006092;TAKEDA PREV;PLANO DE BENEFÍCIOS TAKEDA PREV;MULTIBRA;1482
2008002438;PLANO CSI;PLANO CSI DE PREVIDÊNCIA COMPLEMENTAR;MULTIBRA;1482
2011000483;ACRICELPREV;PLANO ACRICEL DE APOSENTADORIA;MULTIBRA;1482
2002001618;VERAPREV;PLANO DE APOSENTADORIA VERAPREV;MULTIBRA;1482
2000003192;CHEMTRADE PREV;PLANO DE APOSENTADORIA CHEMTRADE PREV;MULTIBRA;1482
2000004083;SINDUSPREV;PLANO DE APOSENTADORIA SINDUSPREV;MULTIBRA;1482
1998003183;ACMV;PLANO DE APOSENTADORIA COMPLEMENTAR MÓVEL VITALÍCIA;ITAU UNIBANCO;611
1997004038;FUTURO INTELIGENTE;PLANO DE PREVIDÊNCIA UNIBANCO - FUTURO INTELIGENTE;ITAU UNIBANCO;611
1979004056;PAC;PLANO DE APOSENTADORIA COMPLEMENTAR;ITAU UNIBANCO;611
1980001529;PLANO BÁSICO;PLANO DE BENEFÍCIOS DEFINIDOS UBB PREV;ITAU UNIBANCO;611
1998005674;CAMPOS PREV;PLANO CAMPOS PREV;BB PREVIDENCIA;3188
1990001947;NADIRPREV;PLANO DE BENEFÍCIOS NADIRPREV;MULTIBRA;1482
1996002538;FIA;PLANO DE APOSENTADORIA FIA - FUNDAÇÃO INSTITUTO DE ADMINISTRAÇÃO;MULTIBRA;1482
1998004856;ALFA PREV;PLANO DE BENEFÍCIOS ALFA PREV;BB PREVIDENCIA;3188
2018000756;PLANO ENETWORKPOWER;PLANO EMERSON NETWORK POWER;IFM;3126
2001000847;DÁLIA;PLANO DE BENEFÍCIOS DÁLIA PREV;BB PREVIDENCIA;3188
2016001811;SERGUS CD;PLANO DE BENEFÍCIO SERGUS CD;SERGUS;2018
1998004783;MSD PREV;PLANO DE APOSENTADORIA MSD PREV;MSD PREV;3811
2000003656;PLANO CBTU;PLANO DE CONTRIBUIÇÃO VARIÁVEL DA PATROCINADORA CBTU;REFER;881
2000003974;PLANO CENTRAL;PLANO DE CONTRIBUIÇÃO VARIÁVEL DA CENTRAL;REFER;881
2008001619;CV DA CTS;PLANO DE CONTRIBUIÇÃO VARIÁVEL DA CTS;REFER;881
1999004256;PLANO RFFSA;PLANO DE CONTRIBUIÇÃO VARIÁVEL DA PATROCINADORA RFFSA;REFER;881
2000003729;PLANO REFER;PLANO DE CONTRIBUIÇÃO VARIÁVEL DA PATROCINADORA REFER;REFER;881
2002001065;PLANO METROFOR;PLANO DE CONTRIBUIÇÃO VARIÁVEL METROFOR;REFER;881
1994000929;PLANO RIOTRILHOS;PLANO DE CONTRIBUIÇÃO VARIÁVEL DA PATROCINADORA RIOTRILHOS;REFER;881
1980001065;PSBD;PLANO DE BENEFÍCIO SERGUS SALDADO;SERGUS;2018
1979000247;PLANO CPTM;PLANO DE BENEFÍCIO DEFINIDO DA PATROCINADORA CPTM;REFER;881
2005005592;PREVICOKE CD;PLANO DE BENEFÍCIOS CD PREVICOKE;PREVICOKE;2172
2020000865;PREVICOKE CD II;PLANO DE BENEFÍCIOS CD PREVICOKE II;PREVICOKE;2172
2010003292;PLANO MISTO SALDADO;PLANO MISTO DE BENEFICIO SALDADO;BB PREVIDENCIA;3188
2015000429;PREVPLAN (SERVIDOR);PLANO DE BENEFÍCIOS PREVPLAN;PREVCOM-MG;4769
2010001818;SIMECSPREVI;PLANO DE BENEFÍCIOS PREVIDENCIÁRIOS- SIMECSPREVI;INDUSPREVI;3678
1983000183;PRECE I;PLANO DE BENEFÍCIO PRECE I;PRECE;713
2021003418;PRECE IV;PLANO DE BENEFÍCIOS PRECE IV;PRECE;713
2009000919;CIASCPREV;PLANO DE BENEFÍCIOS CIASCPREV;DATUSPREV;4546
1986000583;UB;PLANO DE BENEFÍCIOS UNISYS BRASIL;UNISYS-PREVI;2071
2020002418;FAMILIA ITAIPU;PLANO FAMILIA ITAIPU SETORIAL;FIBRA;571
1993001719;PLANO DE BENEFÍCIOS BUNGE;PLANO DE BENEFÍCIOS BUNGE;BUNGEPREV;3861
2005001211;COTRIJAL PREV;PLANO DE BENEFÍCIOS COTRIJAL PREV;BB PREVIDENCIA;3188
1985001111;PBEP;PLANO BEP;PREVBEP;1732
2006007165;ENERGIAS DO BRASIL;PLANO DE BENEFÍCIOS ENERGIAS DO BRASIL;ENERPREV;4443
2020001918;FAMÍLIA INDÚSTRIA;PLANO  FAMÍLIA INDÚSTRIA;INDUSPREVI;3678
2015001311;CONABPREV;PLANO CONABPREV;CIBRIUS;2316
1988000947;PLANO I;PLANO DE BENEFÍCIOS ESCELSOS I;ENERPREV;4443
1998002292;PLANO II;PLANO DE BENEFÍCIOS ESCELSOS II;ENERPREV;4443
2005000256;CAERN PREV;PLANO DE BENEFÍCIOS CAERN PREV;BB PREVIDENCIA;3188
1990001319;PREVIND SESI/RS;PLANO DE BENEFÍCIOS PREVIND SESI/RS;INDUSPREVI;3678
2008001474;FIERGSPREVI;PLANO DE PREVIDÊNCIA SISTEMA FIERGS;INDUSPREVI;3678
2005001074;BD INVISTA;PLANO DE BENEFÍCIOS BD INVISTA;MULTIBRA;1482
2010005929;GAMA;PLANO GAMA DE BENEFÍCIOS PREVIDENCIÁRIOS;IAJA;549
1996004883;CPRM PREV;PLANO CPRM PREV;BB PREVIDENCIA;3188
2005003883;PLANO BETA;PLANO BETA DE BENEFÍCIOS;IAJA;549
2016002174;AGROPREV;PLANO DE BENEFICIOS AGROPREV;MULTIBRA;1482
2010002938;HUNTSMAN 3;PLANO DE APOSENTADORIA HUNTSMAN 3;MULTIBRA;1482
2008000265;PREVI-DELPHI;PLANO DE APOSENTADORIA PREVI-DELPHI;MULTIBRA;1482
1998003892;RABOBANK;PLANO DE APOSENTADORIA RABOBANK;MULTIBRA;1482
2021002292;VIVA MAIS PREFEITURAS;VIVA MAIS MULTI PREFEITURAS;FUSAN;535
1979001219;PB I;PLANO DE BENEFÍCIOS I;ISBRE;1599
2001002483;PB II;PLANO DE BENEFÍCIOS II;ISBRE;1599
2008000192;TECHNIPFMC PREV;PLANO TECHNIPFMC PREV;IFM;3126
1998003418;PLANO STAHL BRASIL;PLANO DE PREVIDÊNCIA STAHL BRASIL;MULTIBRA;1482
1982000538;FUSANPREV;PLANO DE BENEFÍCIOS PREVIDENCIÁRIOS - FUSANPREV;FUSAN;535
2019000156;PLANO CD;FAPES FUTURO;FAPES;391
2008003892;PLANO DE BEN. PREVIDENCIÁRIOS;PLANO DE BENEFÍCIOS PREVIDENCIÁRIOS ANABBPREV;ANABBPREV;4577
2010001974;ANABBPREV 2;PLANO DE BENEFÍCIOS PREVIDENCIÁRIOS ANABBPREV 2;ANABBPREV;4577
1979001138;PPSPS;PREVIDENCIÁRIO SUPLEMENTAR À PREVIDÊNCIA SOCIAL;SIAS;2021
2010000838;SALUTARPREV;PLANO DE PREVIDÊNCIA DO CLUBE SALUTAR;FUCAP;494
2010005538;PLANO CARGILLPREV;REGULAMENTO DO PLANO DE BENEFÍCIOS CARGILLPREV;CARGILLPREV;206
1995002747;MARCOPREV;PLANO DE APOSENTADORIA;MARCOPREV;3304
1995002811;MARCOPREV;PLANO DE APOSENTADORIA SUPLEMENTAR;MARCOPREV;3304
2011001838;MARCOPREV;PLANO DE CONTRIBUIÇÃO DEFINIDA;MARCOPREV;3304
1989000819;PREVIND SENAI/RS;PLANO DE BENEFÍCIOS PREVIND SENAI-RS;INDUSPREVI;3678
1981001174;FUCAP;PLANO DE BENEFÍCIOS FUCAP;FUCAP;494
2021001083;PREV-MAIS (SERVIDOR);PLANO DE BENEFÍCIOS PREV-MAIS;PREVCOM-MG;4769
2004002711;PLANO PRECAVER;PLANO DE BENEFÍCIOS PREVIDENCIÁRIOS DO SISTEMA UNICRED;QUANTA;4279
2010002229;NOVO PLANO COPASA;PLANO DE BENEFÍCIOS NOVO PLANO COPASA;FUNDAÇÃO LIBERTAS;2231
2012001947;PRODEMGEPREV;PLANO DE BENEFÍCIOS PRODEMGEPREV;FUNDAÇÃO LIBERTAS;2231
2016001992;PREVCOOP;PLANO DE BENEFÍCIOS PREVIDENCIÁRIOS;QUANTA;4279
2018000111;PLANO COOPREV;PLANO SETORIAL DE PREVIDÊNCIA COOPERATIVA;QUANTA;4279
2011001218;PLANO CDPREV;PLANO DE BENEFÍCIOS CDPREV;FUNDAÇÃO LIBERTAS;2231
2008003019;COHABPREV;PLANO DE BENEFÍCIOS COHABPREV;FUNDAÇÃO LIBERTAS;2231
2007003538;PLANJUS;PLANO DE BENEFÍCIOS PREVIDENCIÁRIOS JURIS - PLANJUS;JUSPREV;4515
2018002074;VOCÊPREV(FAMÍLIA);PLANO DE BENEFÍCIOS PARA INSTITUIDOR - VOCÊPREV;FUNDAÇÃO LIBERTAS;2231
2010004329;PLANO DE BENEFÍCIOS I;PLANO DE BENEFÍCIOS I;MÚTUOPREV;4652
2010004574;PLANO DE BENEFÍCIOS II;PLANO DE BENEFÍCIO II;MÚTUOPREV;4652
2019001438;ABEFINPREV  (SETORIAL);ABEFINPREV - PLANO DE BENEFÍCIOS ABEFIN;MÚTUOPREV;4652
1999003047;03-B;PLANO DE BENEFÍCIOS 03-B;PREVINORTE;792
1978000456;GEIPREV;PLANO BÁSICO DO GEIPREV;GEIPREV;1554
1971000183;PLANO BD;PLANO DE BENEFÍCIO DEFINIDO;REAL GRANDEZA;864
2002000311;PLANO CD;PLANO DE CONTRIBUIÇÃO DEFINIDA;REAL GRANDEZA;864
1998006174;PRECE II;PLANO DE BENEFÍCIOS PRECE II;PRECE;713
1979002118;BD ELETROBRAS;PLANO BD ELETROBRAS;ELETROS;326
1994000211;RANDONPREV;PLANO DE BENEFÍCIOS RANDONPREV;RANDONPREV;2931
1988000718;01-A;BENEFÍCIOS 01-A;PREVINORTE;792
1998000818;03-A;BENEFÍCIOS  03-A;PREVINORTE;792
1998000974;02-A;BENEFÍCIOS 02-A;PREVINORTE;792
1999002865;02-B;PLANO DE BENEFÍCIOS 02-B;PREVINORTE;792
1999002938;01-B;PLANO DE BENEFÍCIOS 01-B;PREVINORTE;792
1985001438;PLANO BD;PLANO PREVIDENCIÁRIO DE BENEFICIOS DEFINIDOS;FAPECE;388
2006001892;PLANO PRECE III;PLANO DE BENEFÍCIOS PRECE III;PRECE;713
1982002883;RP1 - COPASA;PLANO RP1;FUNDAÇÃO LIBERTAS;2231
2014001383;PSP;PLANO  PRODEMGE SALDADO;FUNDAÇÃO LIBERTAS;2231
1994001518;PLANO PRODEMGE;PLANO DE BENEFÍCIOS 5-II - RP5- II;FUNDAÇÃO LIBERTAS;2231
1982002719;RP9 - COHAB;PLANO RP9;FUNDAÇÃO LIBERTAS;2231
1992000956;PLANO RP4 - MGS;PLANO DE BENEFÍCIOS 4 - RP4;FUNDAÇÃO LIBERTAS;2231
2000007856;COHAPREV;PLANO DE BENEFÍCIOS PREVIDENCIÁRIOS COHAPREV;BB PREVIDENCIA;3188
1999002083;PREVICIERGS;PLANO DE BENEFÍCIOS PREVICIERGS ;INDUSPREVI;3678
2020001519;FF;FAPES FAMÍLIA;FAPES;391
2007003856;DACARPREV;PLANO DE BENEFÍCIOS DACARPREV;ICATUFMP;3438
1991001411;WEGPREV;PLANO DE PREVIDÊNCIA WEG;WEG;1051
1980000956;INSTITUTO AMBEV;PLANO DE BENEFÍCIOS DE BENEFICIO DEFINIDO;INSTITUTO AMBEV;151
2019003074;PLANO MGSPREV;PLANO DE BENEFÍCIOS MGSPREV;FUNDAÇÃO LIBERTAS;2231
2013001665;PLANO CODEMIG PREV;PLANO DE BENEFÍCIOS CODEMIG PREV;FUNDAÇÃO LIBERTAS;2231
2000007211;PREVIND 2;PREVIND 2 - SISTEMA INDÚSTRIA DE PREVIDÊNCIA PRIVADA;MULTIBRA;1482
2020003147;COMPESAPREV CD;PLANO MISTO I DE BENEFÍCIOS - COMPESAPREV CD;COMPESAPREV;254
1987001011;CNI / IEL - PREVIND I;CNI / IEL - PREVIND I;MULTIBRA;1482
1987001192;SENAI DN - PREVIND;SENAI DN - PREVIND;MULTIBRA;1482
1987001265;SESI DN- PREVIND;SESI DN- PREVIND;MULTIBRA;1482
1987001811;CETIQT (PREVIND);PLANO DE BENEFÍCIOS CETIQT (PREVIND);MULTIBRA;1482
1988002656;SENAI - AM;PLANO DE BENEFÍCIOS DE PREVISAM I - SENAI-AM;MULTIBRA;1482
1999000218;APEX TOOL;PLANO DE BENEFÍCIOS APEX TOOL;MULTIBRA;1482
2005004383;GDBPREV;PLANO DE APOSENTADORIA GDBPREV;MULTIBRA;1482
2006003038;PREVISAM II;PLANO DE BENEFÍCIOS PREVISAM II;MULTIBRA;1482
2001000383;CD;PLANO CORRENTE DE CONTRIBUIÇÃO DEFINIDA;MULTIBRA;1482
1996003038;RBS PREV;PLANO DE BENEFÍCIOS RBS PREV;RBS PREV;3531
1994004274;PREVI-FIERN BD;PLANO PREVI-FIERN BD;MULTIBRA;1482
2008004465;PLANO PCD;PLANO DE BENEFÍCIOS SERGIPE CD;ENERGISAPREV;4131
1999000447;PAP;PLANO DE APOSENTADORIA PROGRAMADA - PAP;FUNEPP;2561
2014001219;PAP II;PLANO DE APOSENTADORIA PROGRAMADA II;FUNEPP;2561
1988000874;CARGILLPREV PREVIDENCIAL;PLANO DE APOSENTADORIA CARGILLPREV;CARGILLPREV;206
1986000818;PLANO DE APOSENTADORIA BASF;PLANO DE APOSENTADORIA BASF;BASF PC;134
2019002574;VIVA MAIS  (FAMÍLIA);PLANO SETORIAL INSTITUÍDO VIVA MAIS PREVIDÊNCIA;FUSAN;535
2009002938;PLANO EPE;PLANO DE PREVIDÊNCIA DA ELETROS - PLANO EPE;ELETROS;326
2006001574;CD ELETROBRÁS;PLANO DE CONTRIBUIÇÃO DEFINIDA;ELETROS;326
2000005683;CV ONS;PLANO CV ONS;ELETROS;326
1987000447;COMPESAPREV;PLANO BD Nº 02-A;COMPESAPREV;254
1979002665;PLANO I;PLANO DE BENEFÍCIOS I;FUSESC;552
2002000638;MULTIFUTURO I;PLANO DE BENEFÍCIOS MULTIFUTURO I;FUSESC;552
2002004692;MULTIFUTURO II;PLANO DE BENEFÍCIOS MULTIFUTURO II;FUSESC;552
2018001574;METRUS FAMÍLIA (FAMÍLIA);PLANO METRUS FAMÍLIA;METRUS;2556
2012000738;TAESAPREV;PLANO TAESA DE BENEFICIOS PREVIDENCIARIOS;FORLUZ;1479
2009001011;PLANO SANTA MARIA II;PLANO DE BENEFÍCIOS SANTA MARIA II;MULTIBRA;1482
2000005918;PLANO CACHOEIRA DOURADA;PLANO DE PREVIDÊNCIA CACHOEIRA DOURADA;PETROS;655
2002000492;ALESAT;PLANO ALESAT;PETROS;655
2006005774;RJPREV;PLANO DE BENEFÍCIOS PREVIDENCIÁRIOS DO ADVOGADO DO RIO DE JANEIRO;OABPREV-RJ;4474
1997002711;B;PLANO MISTO DE BENEFÍCIOS PREVIDENCIÁRIOS - PLANO B;FORLUZ;1479
1993000119;PLANO I;PLANO DE BENEFÍCIOS I DA PREVIDÊNCIA SUPLEMENTAR;METRUS;2556
1997002892;A;PLANO SALDADO DE BENEFÍCIOS PREVIDENCIÁRIOS (PLANO A);FORLUZ;1479
1998007618;PLANO II;PLANO DE BENEFÍCIOS II DA PREVIDÊNCIA SUPLEMENTAR;METRUS;2556
1994003065;BD I - SISTEMA FIRJAN;PLANO BÁSICO DE BENEFÍCIOS I - SISTEMA FIRJAN;PREVINDUS;3099
1994004411;BD I - SEBRAE - RJ;PLANO BÁSICO DE BENEFÍCIOS I - SEBRAE-RJ;PREVINDUS;3099
1997000318;BD II - SESC - ARRJ;PLANO BÁSICO DE BENEFÍCIOS II - SESC-ARRJ;PREVINDUS;3099
1994001811;PLANO VIKINGPREV;PLANO DE BENEFÍCIOS PREVIDENCIÁRIOS VIKINGPREV;VIKINGPREV;2395
2000001718;TELEFÔNICA BD;PLANO DE BENEFÍCIOS TELEFÔNICA BD;VISÃO PREV;4248
2009000838;VISÃO MULTI;PLANO DE BENEFÍCIOS VISÃO MULTI;VISÃO PREV;4248
2011001919;PLANO DE BENEFÍCIOS VISÃO TELEFÔNICA;PLANO DE BENEFÍCIOS VISÃO TELEFÔNICA;VISÃO PREV;4248
2010002474;PLANO COPASA SALDADO;PLANO COPASA SALDADO;FUNDAÇÃO LIBERTAS;2231
1986000192;BD;BENEFÍCIO DEFINIDO;EQTPREV;1434
1996002211;BD EQUATORIAL ALAGOAS;PLANO DE BENEFÍCIO DEFINIDO EQUATORIAL ALAGOAS;EQTPREV;1434
1997000474;PLANO EQUATORIAL BD;PLANO DE BENEFÍCIOS EQUATORIAL BD;EQTPREV;1434
2000000411;CELPA - OP;PLANO DE BENEFÍCIOS CELPA - OP;EQTPREV;1434
2008000974;CD EQUATORIAL ALAGOAS;PLANO DE BENEFÍCIOS DE CONTRIBUIÇÃO DEFINIDA EQUATORIAL ALAGOAS;EQTPREV;1434
2009003292;CV EQUATORIAL PIAUÍ;PLANO DE BENEFÍCIOS DE CONTRIBUIÇÃO VARIÁVEL EQUATORIAL PIAUÍ;EQTPREV;1434
2011000556;PRECE-CV;PLANO DE BENEFICIO PRECE-CV;PRECE;713
2008004392;PCD - FUNASA;PLANO DE BENEFÍCIOS PCD FUNASA;ENERGISAPREV;4131
2005006483;PROCEMPA PREV;PLANO DE BENEFÍCIOS PROCEMPA PREV;BB PREVIDENCIA;3188
1989001629;PLANO MOBIL I;PLANO MOBIL I;PREVIDEXXONMOBIL;4594
2009003683;PLANO DE BENEFÍCIOS EXXONMOBIL I;PLANO DE BENEFÍCIOS EXXONMOBIL I;PREVIDEXXONMOBIL;4594
1988002011;PBPI;PLANO DE BENEFÍCIOS PREVIDENCIÁRIO I;GERDAU;2302
1988000483;PLANO CD GERDAU;PLANO DE CONTRIBUIÇÃO DEFINIDA GERDAU;GERDAU;2302
1988000319;PLANO DE APOSENTADORIA;PLANO DE APOSENTADORIA;GERDAU;2302
2004002956;PBPA;PLANO DE BENEFICIOS PREVIDENCIARIOS DO ADVOGADO-PBPA;OABPREV-SC;4234
2019003929;CENTRUSPREV+ (FAMÍLIA);PLANO INSTITUIDO CENTRUSPREV+;CENTRUS;223
2002004838;PCD;PLANO DE CONTRIBUIÇÃO DEFINIDA;CENTRUS;223
2018001965;PLANO MERIAL;PLANO DE APOSENTADORIA MERIAL;MULTIBRA;1482
1991001274;PBSRJU;PLANO DE BENEFÍCIOS SUPLEMENTAR AO REGIME JURÍDICO ÚNICO;SIAS;2021
1980001774;PLANO BÁSICO;PLANO DE APOSENTADORIA BÁSICO;FUNDAMBRAS;1537
1988000165;PLANO SUPLEMENTAR;PLANO DE APOSENTADORIA SUPLEMENTAR;FUNDAMBRAS;1537
1988001838;PB;PLANO DE BENEFÍCIOS;PREVICAT;1804
1996002856;PB II;PLANO DE BENEFÍCIOS II;BANESPREV;93
1995002992;TRAMONTINAPREV;PLANO DE BENEFÍCIOS TRAMONTINAPREV;TRAMONTINAPREV;3321
1999002792;CASSI PREV;PLANO DE BENEFÍCIOS CASSI PREV;BB PREVIDENCIA;3188
1979002592;PB I;PLANO DE BENEFÍCIOS SANPREV I;BANESPREV;93
1996002929;PB III;PLANO DE BENEFÍCIOS III;BANESPREV;93
1980000492;PBB;PLANO BÁSICO DE BENEFÍCIOS;CENTRUS;223
2011000874;PBDC;PLANO DE BENEFÍCIO DEFINIDO CENTRUS;CENTRUS;223
1999002474;BETA;PLANO DE BENEFÍCIOS PREVIDENCIÁRIOS BETA;ALPHA;45
2022002865;PBCD;PLANO BÁSICO DE CONTRIBUIÇÃO DEFINIDA;FAPES;391
2017000647;PLANO ENERGISA;PLANO DE BENEFÍCIOS ENERGISA;ENERGISAPREV;4131
2006000829;ADV-PREV;PLANO DE BENEFÍCIOS ADV-PREV;OABPREV-GO;4409
2019001111;FIEMG PREVIDÊNCIA (SETORIAL);PLANO SETORIAL FIEMG PREVIDÊNCIA;CASFAM;1198
1979003629;BDMG;PLANO DE BENEFÍCIOS PREVIDENCIÁRIOS - BDMG;DESBAN;309
2011000165;PLANO CD;PLANO DE BENEFÍCIOS PREVIDENCIÁRIOS BDMG CD;DESBAN;309
2010003438;PREV AMAZONIA;PLANO PREV AMAZONIA;BB PREVIDENCIA;3188
1998003019;PLANO CV SISTEMA FIEMG;PLANO DE BENEFÍCIOS  SISTEMA FIEMG;CASFAM;1198
2013000383;EXECPREV (SERVIDOR);PLANO EXECUTIVO FEDERAL;FUNPRESP-EXE;4724
1980002274;PLANO DE APOSENTADORIA;PLANO DE APOSENTADORIA;FUTURA PREV;1821
2011000947;PLANO DE APOSENTADORIA FUTURA II;PLANO DE APOSENTADORIA FUTURA II;FUTURA II;4635
2011000629;RAIZPREV;PLANO DE APOSENTADORIA RAIZ;RAIZPREV;4666
2013001738;JUSMP-PREV (SERVIDOR);PLANO DE BENEFÍCIOS DO JUDICIÁRIO DA UNIÃO, DO MINISTÉRIO PÚBLICO DA UNIÃO E DO CONSELHO NACIONAL DO;FUNPRESP-JUD;4741
1996004174;INSTITUTO AMBEV;PLANO DE BENEFICIOS DE CONTRIBUIÇÃO DEFINIDA;INSTITUTO AMBEV;151
2010000374;SGC PREV;PLANO DE BENEFÍCIOS DE PREVIDÊNCIA COMPLEMENTAR DA UNIVERSIDADE CATÓLICA DE GOIÁS;BB PREVIDENCIA;3188
2003001638;FUMEC PREV;PLANO DE BENEFÍCIOS FUMEC PREV;BB PREVIDENCIA;3188
1988001129;PBD;PLANO DE BENEFÍCIO DEFINIDO - PBD;TELOS;998
1995001465;CV;PLANO PREVIP;PREVIP;3251
2020001438;ABONO COMPLEMENTAÇÃO;PLANO ABONO COMPLEMENTAÇÃO;VALIA;2083
1973000156;PLANO BD;PLANO DE BENEFÍCIO DEFINIDO;VALIA;2083
1995002356;PLANO CENIBRA;PLANO DE PREVIDÊNCIA CENIBRA;VALIA;2083
2002000565;TRENSURB PREV CD;PLANO DE BENEFÍCIOS TRENSURB PREV CD;BB PREVIDENCIA;3188
1988003156;ALCOA PREVI;PLANO ALCOA DE SEGURIDADE SOCIAL;ALCOA PREVI;31
1998006247;ALLIANCE PREV;PLANO DE BENEFÍCIOS ALLIANCE PREV;BB PREVIDENCIA;3188
2005004211;OABPREV-SP;PLANO PREVER;OABPREV-SP;4368
1989002056;PLANO DE APOSENTADORIA MERCER;PLANO DE APOSENTADORIA MERCER;MERCERPREV;1674
1995003018;ROCHEPREV;PLANO DE BENEFÍCIOS ROCHEPREV;ROCHEPREV;3366
1982003065;PREVEME;PLANO DE BENEFÍCIOS DA PREVEME;PREVEME;1746
2010002083;PLANO DE BENEFÍCIOS;PLANO DE BENEFÍCIOS;PREVEME II;4604
2019001519;PID (FAMÍLIA);PLANO INSTITUÍDO DESBAN;DESBAN;309
2019001683;PSD (SETORIAL);PLANO SETORIAL DESBAN;DESBAN;309
2014000719;AKER PREV;PLANO AKER SOLUTIONS PREV;MULTIPREV;2258
1996002074;PLANO FGV;PLANO FGV;FGV-PREVI;3486
2013000618;LEGISPREV (SERVIDOR);PLANO DE BENEFÍCIOS DO PODER LEGISLATIVO FEDERAL;FUNPRESP-EXE;4724
1999003829;PLANO AGILENT;PLANO DE BENEFÍCIOS AGILENT;MULTIPREV;2258
1995000183;PLANO DE BENEFÍCIOS AIR PRODUCTS;PLANO DE BENEFÍCIOS AIR PRODUCTS;MULTIPREV;2258
2008001792;AKZOPREV;PLANO DE BENEFÍCIOS AKZOPREV;MULTIPREV;2258
2008000338;AMERICAN EXPRESS;PLANO UNIFICADO DE APOSENTADORIA AMERICAN EXPRESS;MULTIPREV;2258
2007002256;AVAYA;PLANO DE BENEFÍCIOS AVAYA;MULTIPREV;2258
1992000492;BAXTER;PLANO DE BENEFÍCIOS BAXTER;MULTIPREV;2258
2006000683;BMS PREV;PLANO DE APOSENTADORIA BMS PREV;MULTIPREV;2258
2005002747;UNIPREV;PLANO MISTO DE BENEFÍCIOS  - UNIPREV;PREVUNISUL;4311
1993002847;CABOT;PLANO DE APOSENTADORIA CABOT BRASIL INDÚSTRIA E COMÉRCIO LTDA.;MULTIPREV;2258
1990000819;DANAPREV;PLANO DE APOSENTADORIA DA DANAPREV;DANAPREV;1763
2001000618;CHEMPREV;PLANO DE BENEFÍCIOS CHEMPREV;MULTIPREV;2258
2015000518;CITROSUCOPREV;PLANO DE PREVIDÊNCIA COMPLEMENTAR CITROSUCOPREV;MULTIPREV;2258
2005005411;CORALPREV;PLANO DE BENEFÍCIOS CORALPREV;MULTIPREV;2258
1998002365;DESERETPREV;PLANO DE APOSENTADORIA DESERETPREV;MULTIPREV;2258
2003000283;FUVATES PREV CD;PLANO DE BENEFÍCIOS FUVATES PREV CD;BB PREVIDENCIA;3188
2016001038;DISNEY;PLANO DE PREVIDÊNCIA TWDC BRASIL;MULTIPREV;2258
2016001119;ESPN;PLANO DE PREVIDÊNCIA ESPN;MULTIPREV;2258
2023000092;F2J PREV;PLANO DE APOSENTADORIA F2J PREV;MULTIPREV;2258
2014001618;OLYMPUSPREV;PLANO DE APOSENTADORIA OLYMPUSPREV;MULTIPREV;2258
2020002329;AL-PREVCOMP (SERVIDOR);AL-PREVCOMP;ALPREV;4875
2023001129;UNITHER PREV;PLANO DE BENEFÍCIOS UNITHER PREV;MULTIPREV;2258
2007003211;VALEO;PLANO DE APOSENTADORIA VALEO PREV;MULTIPREV;2258
2017000892;PLANO DE APOSENTADORIA SOLVAYPREV;PLANO DE APOSENTADORIA SOLVAYPREV;PRHOSPER;1991
2021000011;PLANO PETROS - 3;PLANO PETROS - 3;PETROS;655
2021003183;PLANO FLEXPREV;PLANO FLEXPREV;PETROS;655
2009001265;MC PREV;MC PREV;MM PREV;1256
2007000547;PLANO BD DIVERSEY;PLANO DE BENEFÍCIO DEFINIDO DIVERSEY;MULTIPREV;2258
1990000118;EATONPREV;PLANO DE PREVIDÊNCIA EATONPREV;MULTIPREV;2258
1996002465;EMBAIXADA DOS EUA;PLANO DE BENEFÍCIOS DA EMBAIXADA DOS EUA;MULTIPREV;2258
2000004156;ESPN;PLANO DE BENEFÍCIOS DA ESPN;MULTIPREV;2258
1980001618;PS-I;PLANO DE BENEFÍCIOS SERPRO I;SERPROS;941
1999000765;PREVINFINEUM;PLANO DE APOSENTADORIA PREVINFINEUM;MULTIPREV;2258
2012001092;MARSPREV;PLANO DE APOSENTADORIA MARSPREV;MULTIPREV;2258
1999003756;UNOESC PREV;PLANO DE BENEFÍCIOS UNOESC PREV;BB PREVIDENCIA;3188
1998007774;PS-II;PLANO DE BENEFÍCIOS SERPRO - PS-II;SERPROS;941
1993003029;NOVOZYMES;PLANO DE BENEFÍCIOS NOVOZYMES;MULTIPREV;2258
1994001429;DIAGEO SUPLEMENTAR;PLANO DE APOSENTADORIA SUPLEMENTAR DIAGEO;MULTIPREV;2258
2005005347;PACKPREV;PLANO DE BENEFÍCIOS PACKPREV;MULTIPREV;2258
2019001365;PLANO QUÍMICA;PLANO DE BENEFÍCIOS QUÍMICA;MULTIPREV;2258
1996001329;SPIRAXPREV;PLANO DE APOSENTADORIA SPIRAXPREV;MULTIPREV;2258
1992000565;SUMITOMO MITSUI;PLANO DE APOSENTADORIA SUMITOMO MITSUI;MULTIPREV;2258
2012001319;TPREV;PLANO TPREV- TRELLEBORG PREVIDÊNCIA;MULTIPREV;2258
1994001747;TENNECO;PLANO DE BENEFÍCIOS TENNECO;MULTIPREV;2258
1978000383;REGULAMENTO COMPLEMENTAR Nº 02;REGULAMENTO COMPLEMENTAR Nº 02 DO PLANO DE BENEFICIOS;ECONOMUS;312
1978000219;REGULAMENTO COMPLEMENTAR Nº 01;REGULAMENTO COMPLEMENTAR Nº 01 DO PLANO DE BENEFICIOS;ECONOMUS;312
2006003429;PREVMAIS;PLANO DE BENEFICIOS PREVMAIS;ECONOMUS;312
2002001847;MBPREV;PLANO DE APOSENTADORIA MBPREV;MBPREV;4101
2000006019;TFLPREV;PLANO DE BENEFÍCIO TFLPREV;MULTIPREV;2258
2015001174;PLANO PORTOPREV II;PLANO DE BENEFICIOS PORTOPREV II;PORTOPREV;2796
2022001656;CDRJ;PLANO PBP - CDRJ;PORTUS;686
2022001729;CDP;PLANO DE BENEFÍCIOS PBP-CDP;PORTUS;686
1994003138;PREVTOWERS;PLANO PREVTOWERS;MULTIPREV;2258
2006007556;PLANO V;PLANO V DE COMPLEMENTAÇÃO DE BENEFÍCIOS PREVIDENCIÁRIOS;BANESPREV;93
1990000983;TEXPREV;PLANO DE BENEFICIOS TEXPREV;TEXPREV;2052
2003003029;ADPREV;PLANO DE BENEFÍCIOS ADP PREV;MULTIPREV;2258
1999001818;TECPREV;PLANO DE BENEFÍCIOS TECPREV;MULTIBRA;1482
1992001529;PLANO DE APOSENTADORIA DA SANTANDERPREVI;PLANO DE APOSENTADORIA DA SANTANDERPREVI;SANTANDERPREVI;2511
1991002483;PLANO MAUÁ PREV;PLANO DE APOSENTADORIA MAUÁ PREV;MAUA PREV;2213
1980001911;BANDEPREV;PLANO BASICO - PARTICIPANTES DOS GRUPOS G0, G1 E G2;BANDEPREV;1136
1998005992;PLANO ESPECIAL 1;PLANO ESPECIAL Nº 1 DE APOSENTADORIA SUPLEMENTAR;BANDEPREV;1136
1998006018;PLANO ESPECIAL 2;PLANO ESPECIAL Nº 2 DE APOSENTADORIA SUPLEMENTAR;BANDEPREV;1136
1993002529;PORTOPREV;PLANO DE BENEFÍCIOS DA PORTOPREV;PORTOPREV;2796
2000001556;PBS - TELEMAR;PLANO PBS - TELEMAR;FATL;4203
1984000111;CAPESESP;PLANO DE BENEFÍCIOS PREVIDENCIAIS DOS EMPREGADOS DA CAPESESP;CAPESESP;1184
2022000765;PBP-SPA;PLANO DE BENEFÍCIOS PREVIDENCIÁRIOS SPA;PORTUS;686
2022001818;CODEBA;PLANO DE BENEFÍCIOS CODEBA;PORTUS;686
1979005583;PECÚLIO;PLANO DE PECÚLIOS;CAPESESP;1184
2006004638;PLANO DE BENEFÍCIOS MONGERAL;PLANO DE BENEFÍCIOS MONGERAL;MONGERAL;4217
2014001456;CONFORTPREV;PLANO DE BENEFÍCIOS CONFORTPREV;PREVSOMPO;4011
2020002256;NCD;NOVO PLANO DE CONTRIBUIÇÃO DEFINIDA;ELOS;2525
2007001519;PLANO PETROS-2;PLANO DE BENEFÍCIOS PREVIDENCIÁRIOS DO SISTEMA PETROBRAS;PETROS;655
2000002056;PB 501;PLANO DE COMPLEMENTAÇÃO DE APOSENTADORIA E DE PENSÃO;PREVSOMPO;4011
2000002129;PLANO DE BENEFÍCIOS  II;PLANO DE BENEFÍCIOS II;PREVSOMPO;4011
2000002218;PLANO DE BENEFÍCIOS III;PLANO DE BENEFÍCIO III;PREVSOMPO;4011
1974000265;BD-ELOS/ELETROSUL;PLANO DE BENEFÍCIO DEFINIDO ELOS/ELETROSUL;ELOS;2525
1979004511;ÚNICO DA CGTEE;PLANO ÚNICO DA CGTEE;ELOS;2525
2009003756;CD - ELETROSUL;PLANO DE BENEFICIOS PREVIDENCIÁRIOS Nº 01 - CD ELETROSUL;ELOS;2525
1978000138;REGULAMENTO GERAL;REGULAMENTO GERAL;ECONOMUS;312
2022002229;PLANO CD;PLANO DE BENEFÍCIOS DE CONTRIBUIÇÃO DEFINIDA;JOHNSON;1612
1979003874;BD 001 FUNCORSAN;PLANO DE BENEFÍCIOS BD NÚMERO 001;FUNDACAO CORSAN;268
1998007383;ABRAPPPREV;PLANO ABRAPPREV;FUNCESP;1239
2018000829;PLANO CD AES BRASIL;PLANO DE APOSENTADORIA DE CONTRIBUIÇÃO DEFINIDA AES BRASIL;FUNCESP;1239
2020000083;CESP CD;PLANO DE BENEFÍCIOS CESP CD;FUNCESP;1239
2018000918;PLANO CD;PLANO DE APOSENTADORIA DE CONTRIBUIÇÃO DEFINIDA ELETROPAULO;FUNCESP;1239
2022000511;ISA CTEEP PREV;PLANO DE APOSENTADORIA DE CONTRIBUIÇÃO DEFINIDA ISA CTEEP;FUNCESP;1239
2022002547;VEM PREV;PLANO DE APOSENTADORIA DE CONTRIBUIÇÃO DEFINIDA VEM;FUNCESP;1239
1996002147;PREVILEAF;PLANO DE BENEFÍCIOS PREVILEAF;MULTIPREV;2258
1994001356;PLANO DIAGEO;PLANO DE APOSENTADORIA DIAGEO;MULTIPREV;2258
1999000374;PACV;PLANO DE APOSENTADORIA DE CONTRIBUIÇÃO VARIÁVEL - PACV;BRASILETROS;2169
2018001256;PLANO CD DIVERSEYPREV;PLANO DE CONTRIBUIÇÃO DEFINIDA DIVERSEY PREV;MULTIPREV;2258
1989000738;CRYOVAC PREV;PLANO DE BENEFÍCIOS CRYOVAC PREV;MULTIPREV;2258
1972000111;PCA;PLANO DE COMPLEMENTAÇÃO DE APOSENTADORIA - PCA;BRASILETROS;2169
2007000611;SEALED PREV;PLANO DE CONTRIBUIÇÃO DEFINIDA SEALED AIR PREV;MULTIPREV;2258
2000006574;TELEMARPREV;PLANO TELEMARPREV;FATL;4203
1996000829;JPMORGANCHASE;PLANO DE APOSENTADORIA JPMORGANCHASE;MULTIPREV;2258
1996001647;EDSERJ PREV;PLANO DE BENEFÍCIOS EDSERJ PREV;BB PREVIDENCIA;3188
2022002474;BH PREVCOM;BH PREVCOM;MONGERAL;4217
2012001238;CONTÁBIL PREV;PLANO CONTÁBIL PREV;MONGERAL;4217
2021003329;MAG FEDERAÇÃO (SERVIDOR);MAG FEDERAÇÃO;MONGERAL;4217
2010005465;PLANO BNY MELLON;PLANO DE BENEFÍCIOS BNY MELLON;ICATUFMP;3438
2000005111;INTELIG;PLANO DE APOSENTADORIA DA INTELIG TELECOMUNICAÇÕES LTDA.;ICATUFMP;3438
1996004247;PLANO CARBOPREV;PLANO DE PREVIDÊNCIA CARBOPREV;CARBOPREV;3575
2000001092;PBS - TELE CELULAR SUL;PLANO DE BENEFÍCIOS PBSTELE CELULAR SUL;ICATUFMP;3438
2000000118;TELEPAR CELULAR;PLANO CONVÊNIO DE ADMINISTRAÇÃO - TELEPAR CELULAR;ICATUFMP;3438
2006000438;PREVIKODAK;PLANO DE BENEFÍCIOS PREVIKODAK;ICATUFMP;3438
1999001011;PB - SPRINGER;PLANO DE BENEFÍCIOS SPRINGER;ICATUFMP;3438
2000003011;PB - OTIS;PLANO DE BENEFÍCIOS OTIS;ICATUFMP;3438
1989001238;LUFTHANSA;PLANO DE BENEFÍCIOS LUFTHANSA;ICATUFMP;3438
2016002018;PLANO KEYSIGHT;PLANO DE BENEFÍCIOS KEYSIGHT;ICATUFMP;3438
1998002756;FUNSSEST - PLANO IV;PLANO DE BENEFÍCIOS IV;FUNSSEST;2292
1998002829;PLANO DE BENEFÍCIOS;PLANO DE BENEFÍCIOS;FUNSSEST;2292
1990002129;BMP;PLANO DE BENEFÍCIOS DO GRUPO BMP;FUNSSEST;2292
2011002192;PREV-MOSAIC 1;PLANO PREV-MOSAIC 1;VALIA;2083
1981001719;BD UNILEVERPREV;PLANO DE BENEFÍCIO DEFINIDO UNILEVERPREV;UNILEVERPREV;758
2002002411;PLANO DE APOSENTADORIA;PLANO DE PREVIDÊNCIA COMPLEMENTAR UNILEVERPREV;UNILEVERPREV;758
1991001347;FIBERPREV;PLANO DE APOSENTADORIA FIBERPREV;MULTIBRA;1482
2000004474;PLANO GRUPO SILVIO SANTOS;PLANO DE BENEFÍCIOS DO GRUPO SILVIO SANTOS;MULTIPREV;2258
2019001756;PLANO POLO PREV;PLANO DE BENEFÍCIOS POLO PREV;MULTIPREV;2258
2006001647;PLANO MONDELEZ PREV;PLANO DE APOSENTADORIA MONDELEZ PREV;MULTIPREV;2258
2007003465;NATURALPREV;PLANO DE BENEFÍCIOS NATURALPREV;MULTIPREV;2258
2021001792;PLANO DE CONTRIBUIÇÃO DEFINIDA CITIBANK;PLANO DE BENEFÍCIOS DE CONTRIBUIÇÃO DEFINIDA CITIBANK;CITIPREVI;1242
2008002111;PLANO;PLANO DE CONTRIBUIÇÃO DEFINIDA;ECOS;271
2010004183;PREVTRAN;PLANO PREVTRAN;MONGERAL;4217
2022000919;CARIOCAPREV;CARIOCAPREV;MONGERAL;4217
2022000374;CAPITALPREV (SERVIDOR);CAPITALPREV R;MONGERAL;4217
2006005138;FAELCE-CD;PLANO FAELCE - CD;FAELCE;1381
2022001192;PBP-CODESA;PLANO DE BENEFÍCIOS CODESA;PORTUS;686
1985001683;PLANO SUPLEMENTAR CITIBANK;PLANO DE APOSENTADORIA SUPLEMENTAR CITIBANK;CITIPREVI;1242
2000001947;PBS - TELEBRAS;PLANO PBS - TELEBRÁS;SISTEL;967
1983000256;ECOS;PLANO DE BENEFÍCIOS DEFINIDO DA ECOS;ECOS;271
2000000819;PBS - CPQD;PLANO DE BENEFÍCIOS DA SISTEL  - CPQD;SISTEL;967
2000000983;PBS - SISTEL;PLANO DE BENEFÍCIOS DA SISTEL - SISTEL;SISTEL;967
1984000292;FUNASA;PLANO DOS BENEFÍCIOS PREVIDENCIAIS DOS SERVIDORES DA FUNASA;CAPESESP;1184
2020001047;RS-MUNICÍPIOS (SERVIDOR);PLANO DE BENEFÍCIOS DOS SERVIDORES PÚBLICOS DE MUNICÍPIOS;RS-PREV;4791
2016001283;PLANO RS-FUTURO (SERVIDOR);PLANO DE BENEFÍCIOS DO SERVIDOR PÚBLICO DO ESTADO DO RIO GRANDE DO SUL;RS-PREV;4791
1997000792;MONGERAL;PLANO DE BENEFÍCIOS Nº 3;MONGERAL;4217
2004000929;CELPREV AMAZÔNIA;PLANO CELPREV AMAZÔNIA;FATL;4203
1980002411;FAELCEBD;PLANO DE BENEFÍCIO DEFINIDO;FAELCE;1381
2018001418;PLANO EMAE - CD;PLANO DE APOSENTADORIA DE CONTRIBUIÇÃO DEFINIDA EMAE;FUNCESP;1239
2019000229;FAMILINVEST (FAMÍLIA);PLANO FAMILINVEST;FUNCESP;1239
2019002965;PLANO CD;PLANO DE APOSENTADORIA DE CONTRIBUIÇÃO DEFINIDA SABESP;FUNCESP;1239
2020000156;CD CPFL;PLANO DE APOSENTADORIA DE CONTRIBUIÇÃO DEFINIDA CPFL;FUNCESP;1239
2021000656;BEM FUTURO;PLANO INSTITUIDO BEM FUTURO;FUNCESP;1239
2011000319;MAISPREV;MAISPREV;FUMPRESC;2854
1981000429;PBD;PLANO DE BENEFÍCIO DEFINIDO;POSTALIS;691
1979003092;PSAP/AES BRASIL;PLANO DE SUPLEMENTAÇÃO DE APOSENTADORIAS E PENSÃO PSAP/AES B;FUNCESP;1239
1979002819;PSAP/ELEKTRO;PLANO DE SUPLEMENTAÇÃO DE APOSENTADORIAS E PENSÃO PSAP/ELEKTRO;FUNCESP;1239
2002004765;POSTALPREV;PLANO POSTALPREV;POSTALIS;691
2022001011;PLANO CESP ¿ PAP - BSPS;PLANO DE APOSENTADORIAS E PENSÃO BSPS DOS EMPREGADOS DA FUNDAÇÃO CESP ¿ PAP - BSPS;FUNCESP;1239
2004002638;PLANO MISTO SANASA;PLANO MISTO DE BENEFÍCIOS PREVIDENCIÁRIOS DOS TRABALHADORES DA SANASA;PETROS;655
2000004318;CPQD PREV;PLANO CPQD PREV;SISTEL;967
2013000138;PREVCOM RP (SERVIDOR);PLANO DE BENEFÍCIOS PREVCOM RP;SP-PREVCOM;4707
2013000219;PREVCOM RG (SERVIDOR);PLANO DE BENEFÍCIOS PREVCOM RG;SP-PREVCOM;4707
2013002092;PREVCOM RG UNIS (SERVIDOR);PLANO DE BENEFÍCIOS PREVCOM RG - UNIS;SP-PREVCOM;4707
2018001329;PREVCOM RO (SERVIDOR);PLANO DE BENEFÍCIOS PREVCOM RO;SP-PREVCOM;4707
1995002518;COMCAPREV;PLANO DE BENEFÍCIOS COMCAP I - COMCAPREV;FUMPRESC;2854
2020000474;PREVCOM MS (SERVIDOR);PLANO DE BENEFÍCIOS PREVCOM MS;SP-PREVCOM;4707
1993002774;PLANO DE APOSENTADORIA;PLANO DE APOSENTADORIA DA CP PREV;CP PREV;2811
2020002647;PREVCOM-MT (SERVIDOR);PLANO DE BENEFÍCIOS PREVCOM-MT;SP-PREVCOM;4707
1984000918;PLANO DE APOSENTADORIA;PLANO DE APOSENTADORIA SCANIA;PREVISCANIA;1078
2010005074;PRODUQUÍMICA-NE PREV;PLANO DE BENEFÍCIOS PRODUQUÍMICA-NE PREV;BB PREVIDENCIA;3188
2022002156;MAG CORPORATE;MAG CORPORATE;MONGERAL;4217
1976000165;PLANO DE BENEFÍCIOS I;PLANO DE BENEFÍCIOS I;SILIUS;953
1976000238;PLANO EX-AUTÁRQUICOS DE BENEFÍCIO;PLANO EX-AUTÁRQUICOS DE BENEFÍCIO;SILIUS;953
1984001183;APOSENTADORIA;PLANO DE APOSENTADORIA;VWPP;3472
1988001374;PECÚLIO;PLANO DE PECÚLIO;VWPP;3472
2015001719;PLANO DAB;PLANO DAB DE APOSENTADORIA;BANESPREV;93
2015001638;PLANO DCA;PLANO DCA DE APOSENTADORIA;BANESPREV;93
2015001565;PLANO CACIBAN;PLANO DE APOSENTADORIA CACIBAN;BANESPREV;93
1979000638;PLANO FAF;PLANO DE BENEFÍCIOS FAF;BRF PREVIDÊNCIA;3602
2009000511;PLANO II;PLANO BENEFÍCIOS II;BRF PREVIDÊNCIA;3602
2019003211;PLANO RHENDER+BÁSICO;PLANO DE PREVIDÊNCIA RHENDE+ BÁSICO;MULTIPREV;2258
1997002256;UNISUL;PLANO DE BENEFÍCIOS E CUSTEIO DA UNISUL;PREVUNISUL;4311
2017001211;FECOMERCIO MG-I;PLANO DE BENEFÍCIOS FECOMÉRCIO MG-I;SUPREV;984
2017001074;PLANO CMOC;PLANO DE APOSENTADORIA BÁSICO CMOC;MULTIPREV;2258
2021001865;PLANO CD INB;PLANO CD INB;NUCLEOS;1688
2021000338;PLANO CD NUCLEP;PLANO CD NUCLEP;NUCLEOS;1688
2006005065;PBPA;PLANO DE BENEFÍCIOS PREVIDENCIÁRIOS DO ADVOGADO ¿ OABPREVPR;OABPREV-PR;4461
2019000474;BOSCHLIFE;PLANO DE BENEFÍCIOS BOSCHLIFE;BOSCHPREV;4861
2008003711;PLANO CD;PLANO DE APOSENTADORIA DE CONTRIBUIÇÃO DEFINIDA - PLANO CD DA PREVI -SIEMENS;PREVI-SIEMENS;1924
1989000347;PLANO SUPLEMENTAR;PLANO DE APOSENTADORIA SUPLEMENTAR;PREVI-SIEMENS;1924
1988001056;PREVIM TRADICIONAL;PLANO DE BENEFÍCIOS PREVIM TRADICIONAL;PREVIM;1883
2006003674;NOVO PLANO;NOVO PLANO DE BENEFÍCIOS DA FUNCEF;FUNCEF;1523
1985001519;PLANO BÁSICO CITIBANK;PLANO DE APOSENTADORIA CITIBANK;CITIPREVI;1242
2006001011;PREVCHEVRON;PLANO DE BENEFÍCIOS II;TEXPREV;2052
1979003319;PAP-CV;PLANO DE APOSENTADORIAS E PENSÃO CV DOS EMPREGADOS DA FUNDAÇÃO CESP - PAP - CV;FUNCESP;1239
1982002174;PSAP/EMAE;PLANO DE SUPLEMENTAÇÃO DE APOSENTADORIAS E PENSÃO PSAP/EMAE;FUNCESP;1239
1979002983;PSAP/RIO PARANAPANEMA ENERGIA;PLANO DE SUPLEMENTAÇÃO DE APOSENTADORIAS E PENSÃO - RIO PARANAPANEMA ENERGIA;FUNCESP;1239
1991001029;PBS-A;PLANO DE BENEFICIOS DA SISTEL - PBS-A;SISTEL;967
2002003947;TELEBRASPREV;PLANO TELEBRASPREV;SISTEL;967
1989000274;BÁSICO;PLANO DE APOSENTADORIA BÁSICO;PREVI-SIEMENS;1924
2019000938;PREVSAN CD;PLANO PREVIDENCIÁRIO 002 DA PREVSAN - PREVSAN CD;PREVSAN;2333
2006001329;PBPA;PLANO DE BENEFICIOS PREVIDENCIARIOS DO ADVOGADO;OABPREV-RS;4412
2016000392;PLANO V;PLANO DE BENEFICIOS V;FUNSSEST;2292
1982002247;PSAP/ELETROPAULO;PLANO DE SUPLEMENTAÇÃO DE APOSENTADORIAS E PENSÃO PSAP/ELETROPAULO;FUNCESP;1239
1979004374;II DA RGE;PLANO II DA RGE;FAMILIA PREVIDENCIA;1081
2010004019;PLANO SULGASPREV;PLANO SULGASPREV;PETROS;655
1998003256;PLANO DE REFORÇO;PLANO DE REFORÇO DE BENEFÍCIO;SABESPREV;936
2010002156;SABESPREV MAIS;PLANO SABESPREV MAIS;SABESPREV;936
1975000218;PBD;PLANO DE BENEFÍCIO DEFINIDO;PREVIDÊNCIA USIMINAS;1033
1979003556;PB1;PLANO DE BENEFÍCIOS I;PREVIDÊNCIA USIMINAS;1033
2000002447;PFMISTO;PLANO DE BENEFÍCIOS PREVIDENCIÁRIOS MISTO Nº 001;FABASA;2659
2011001692;PLANO III;PLANO DE BENEFÍCIOS III;BRF PREVIDÊNCIA;3602
2020002965;PLANO FAMÍLIA BRF PREVIDÊNCIA;PLANO INSTITUÍDO SETORIAL FAMÍLIA BRF PREVIDÊNCIA;BRF PREVIDÊNCIA;3602
2021000419;PLANO CD ELETRONUCLEAR;PLANO CD ELETRONUCLEAR;NUCLEOS;1688
2015000356;PABBVIEPREV;PLANO DE APOSENTADORIA ABBVIEPREV;MERCERPREV;1674
1981000356;PBD;PLANO DE BENEFÍCIO DEFINIDO PREVUNIÃO;PREVUNIAO;1969
1995001783;PFBD;PLANO DE BENEFÍCIOS PREVIDÊNCIÁRIOS Nº 001;FABASA;2659
1999004019;PCD;PLANO DE CONTRIBUIÇÃO DEFINIDA;PREVUNIAO;1969
1979004692;I DA RGE;PLANO I DA RGE;FAMILIA PREVIDENCIA;1081
1979004447;ÚNICO DA CEEE;PLANO ÚNICO DA CEEE;FAMILIA PREVIDENCIA;1081
1979002274;NUCLEOS;PLANO BÁSICO DE BENEFÍCIOS - PBB;NUCLEOS;1688
1978000529;PBP1;PLANO DE BENEFÍCIOS PORTUS 1;PORTUS;686
1986000656;GASIUS;PLANO DE BENEFICIO SUPLETIVO DO GASIUS;GASIUS;1541
2019001918;LONGPING PREV;PLANO DE CONTRIBUIÇÃO DEFINIDA LONGPING PREV;MERCERPREV;1674
2018002538;PLANO VI;PLANO DE BENEFÍCIOS VI;FUNSSEST;2292
2016001429;PLANO II;PLANO DE APOSENTADORIA MAIS VIDA PREVIDÊNCIA II;MAIS VIDA PREV;3411
2016001356;PLANO ARRIS;PLANO DE APOSENTADORIA ARRIS;MAIS VIDA PREV;3411
2014001065;PLANO DE APOSENTADORIA MOTOROLA SOLUTION;PLANO DE APOSENTADORIA MOTOROLA SOLUTIONS;MAIS VIDA PREV;3411
1970000147;PLANO PETROS NÃO REPACTUADOS;PLANO PETROS DO SISTEMA PETROBRAS NÃO REPACTUADOS;PETROS;655
2003002383;PLANO PETROS NITRIFLEX/ARLANXEO;PLANO PETROS NITRIFLEX/ARLANXEO;PETROS;655
2003002456;PLANO ARLANXEO PREV;PLANO ARLANXEO PREV;PETROS;655
2003002618;PLANO PETROS ULTRAFERTIL;PLANO PETROS ULTRAFERTIL;PETROS;655
2018000292;PPSP-REPACTUADOS;PLANO PETROS DO SISTEMA PETROBRAS REPACTUADOS;PETROS;655
2019003619;REPACTUADOS PRÉ-70;PLANO PETROS DO SISTEMA PETROBRAS - REPACTUADOS PRÉ-70;PETROS;655
2019003783;PPSP-NR PRÉ-70;PLANO PETROS DO SISTEMA PETROBRAS - NÃO REPACTUADOS PRÉ-70;PETROS;655
1979002738;PSAP/CESP B1;PLANO DE SUPLEMENTAÇÃO DE APOSENTADORIAS E PENSÃO - PSAP/CESP B1;FUNCESP;1239
1985001292;PB USIBA;PLANO DE BENEFÍCIOS N.º 003 - USIBA;SUPREV;984
1979003238;PPCPFL;PLANO DE PREVIDÊNCIA COMPLEMENTAR CPFL - PPCPFL;FUNCESP;1239
1985001365;PB PIRATINI;PLANO DE BENEFÍCIOS N.º 005 - PIRATINI;SUPREV;984
1979004765;PBI;PLANO DE BENEFÍCIOS I;BANRISUL/FBSS;117
2011002265;PREV-MOSAIC 2;PLANO PREV-MOSAIC 2;VALIA;2083
1980000311;BD SALDADO;PLANO COMSHELL BD SALDADO;COMSHELL;1261
2005006165;COMSHELL CD;PLANO DE CONTRIBUIÇÃO DEFINIDA;COMSHELL;1261
1980000565;00001;PLANO DE APOSENTADORIA BÁSICO;PRHOSPER;1991
1996003119;00002;PLANO DE APOSENTADORIA SUPLEMENTAR-PRHOSPER;PRHOSPER;1991
1987000129;PLANO BANESPREV I;PLANO DE BENEFÍCIOS BANESPREV I;BANESPREV;93
1994000619;PLANO BANESPREV II;PLANO DE  BENEFÍCIOS BANESPREV II;BANESPREV;93
2000002374;PLANO PRÉ-75;PLANO DE COMPLEMENTAÇÃO DE APOSENTADORIAS E PENSÕES DO BANESPA;BANESPREV;93
2003001956;PLANO B;PLANO PREVIDENCIAL B;PREVIRB;802
1977000118;PLANO A;PLANO PREVIDENCIAL A;PREVIRB;802
2020001756;#NOME?;PLANO DE BENEFÍCIOS SETORIAL +VALOR;VALUE PREV;3527
2013001118;PREVSIAS;PLANO DE APOSENTADORIA SIAS;SIAS;2021
2006003356;PREVIM FLEX;PLANO DE APOSENTADORIA PREVIM FLEX;PREVIM;1883
2000002692;PLANO BANESPREV III;PLANO DE BENEFÍCIOS BANESPREV III;BANESPREV;93
2004003065;PBPA;PLANO DE BENEFÍCIOS PREVIDENCIÁRIOS DO ADVOGADO;OABPREV-MG;4282
2000008429;AMAZONVIDA;PLANO MISTO DE BENEFÍCIOS;CAPAF;1171
1995003311;FPP;PLANO DE APOSENTADORIA FORD;FUNCESP;1239
1979003165;PSAP/CTEEP;PLANO DE SUPLEMENTAÇÃO DE APOSENTADORIAS E PENSÃO-CTEEP;FUNCESP;1239
1996002619;PLANO HPE PREV;PLANO DE BENEFÍCIOS HPE;VALUE PREV;3527
2009001338;FBPREV;PLANO DE BENEFÍCIOS FBPREV;BANRISUL/FBSS;117
2013002165;PBS;PLANO DE BENEFICIO SALDADO;BANRISUL/FBSS;117
1985000156;DUPREV;PLANO DUPREV BD;RUMOS;1314
2002001529;PREVIG;PLANO DE BENEFÍCIOS Nº 01;PREVIG;4091
2004002492;PREVIG;PLANO DE BENEFÍCIOS PREVIG;PREVIG;4091
2008004856;PLANO ALEPEPREV;PLANO DE BENEFÍCIOS PREVIDENCIÁRIOS DA ASSEMBLÉIA LEGISLATIVA DO ESTADO DE PERNAMBUCO;ALEPEPREV;4532
1998006638;PCV I;PLANO DE CONTRIBUIÇÃO VARIAVEL I;TELOS;998
1996003992;PLANO PREVICEL;PLANO PREVICEL;PREVICEL;3558
2005004911;PREVINA;PLANO PREVINA;CIASPREV;4371
2000006711;ALPAPREV;PLANO DE PREVIDÊNCIA ALPAPREV;ALPAPREV;971
1999003918;PLANO II;PLANO DE BENEFÍCIOS II;RECKITTPREV;878
1982002956;PLANO BD;PLANO  BD;PREVIBAYER;731
1987000765;PLANO DE BENEFÍCIOS;PLANO DE BENEFÍCIOS PREVMON;PREVIBAYER;731
2007000229;BÁSICOPLUS;PLANO PROMON BÁSICOPLUS;PROMON;1972
2005001783;MULTIFLEX;PLANO DE BENEFÍCIOS PROMON MULTIFLEX;PROMON;1972
2002001456;CEEEPREV;PLANO DE BENEFÍCIOS CEEEPREV;FAMILIA PREVIDENCIA;1081
2006000292;PLANO DE APOSENTADORIA;PLANO DE APOSENTADORIA MAIS VIDA PREVIDÊNCIA;MAIS VIDA PREV;3411
1994002492;ACEPREV;PLANO DE BENEFICIOS ACEPREV;ACEPREV;2991
1985000547;ACESITA;PLANO DE BENEFÍCIOS ACESITA;ACEPREV;2991
2013001592;INOVAPREV;PLANO DE APOSENTADORIA INOVAPREV;SISTEL;967
2005004611;PB III;PLANO DE BENEFÍCIOS III (MISTO);FUNDIAGUA;2841
1981001492;PLANO BD;PLANO DE BENEFÍCIOS PREVIDENCIAIS;CAPAF;1171
2018002147;FBPREV III;PLANO DE BENEFÍCIOS FBPREV III;BANRISUL/FBSS;117
1979001618;PPC;PLANO DE PREVIDÊNCIA COMPLEMENTAR;FIPECQ;1451
1993003592;PLANO 1;PREVIDENCIÁRIO N° 1;FUNDIAGUA;2841
2005004529;PB II;PLANO DE BENEFÍCIOS II (SALDADO);FUNDIAGUA;2841
2001002165;CD;PLANO DE APOSENTADORIA DE CONTRIBUIÇÃO DEFINIDA;FACHESF;361
1996003674;USIPREV;PLANO DE BENEFÍCIOS 2 - USIPREV;PREVIDÊNCIA USIMINAS;1033
1994001119;PLANO DE APOSENTADORA;PLANO DE APOSENTADORIA LILLYPREV;LILLYPREV;3037
1977000274;REG/REPLAN;REGULAMENTO DO PLANO DE BENEFÍCIOS - REG/REPLAN;FUNCEF;1523
1986000338;PLANO BD-1;PLANO DE BENEFÍCIO BD-1;INERGUS;607
2016000783;PLANO CD OLINPREV;PLANO DE CONTRIBUIÇÃO DEFINIDA OLINPREV;MERCERPREV;1674
2010003756;PLANO DE APOSENTADORIA;PLANO DE APOSENTADORIA COMPLEMENTAR;TOYOTA PREVI;4649
1980000174;PB1;PLANO DE BENEFÍCIOS 1;PREVI/BB;1781
2008001938;UNIMED;PLANO MULTICOOP UNIMED;MULTICOOP;4711
2008002047;COOPERADO;PLANO DE PREVIDÊNCIA DO COOPERADO;MULTICOOP;4711
2014000638;PLANO UNIMED;PLANO UNIMED DE PREVIDÊNCIA;MULTICOOP;4711
2018000519;PPSCN;PLANO DE PREVIDÊNCIA DO SISTEMA COOPERATIVISTA NACIONAL;MULTICOOP;4711
2019003538;COLABORADOR;PLANO MULTICOOP COLABORADOR;MULTICOOP;4711
2019003856;SP PREVIDÊNCIA (SERVIDOR);PLANO DE BENEFÍCIOS SP PREVIDÊNCIA;SP-PREVCOM;4707
2022001265;PREVCOM-PA;PLANO DE BENEFÍCIOS PREVCOM-PA;SP-PREVCOM;4707
2014000492;ZOETIS PREV;PLANO DE BENEFICIOS ZOETIS PREV;MERCERPREV;1674
2006005911;P&G PREV;PLANO DE APOSENTADORIA P&G PREV;P&G PREV;3592
2007000156;SANOFI;PLANO DE APOSENTADORIA SANOFI;PLANEJAR;4087
2000004792;PLANO DE APOSENTADORIA VOITH;PLANO DE APOSENTADORIA VOITH;VOITH PREV;4042
2015000674;PLANO PREVITÊ;PLANO PREVITÊ;PREVISC;1911
2018001711;LUNELLIPREV;PLANO DE BENEFÍCIOS LUNELLIPREV;PREVISC;1911
2005005029;PLANO EQUATORIAL CD;PLANO DE BENEFÍCIOS EQUATORIAL CD;EQTPREV;1434
1988000238;PLANO DE APOSENTADORIA;PLANO DE APOSENTADORIA PREVISTIHL;PREVISTIHL;821
1985001047;PLANO;PLANO DE APOSENTADORIA PREVI-GM;PREVI-GM;1852
1992000719;PLANO DE APOSENTADORIA SEGURIDADE;PLANO DE APOSENTADORIA SEGURIDADE;MULTIPREV;2258
2014000247;HMB PREV;PLANO DE APOSENTADORIA HMB PREV;MULTIPREV;2258
1989000118;BP PREV;PLANO BP PREV;MULTIPREV;2258
2021000974;BHIPREV II;PLANO DE APOSENTADORIA BHIPREV II;MULTIPREV;2258
1992001618;PREVISC - SENAI-PI;PLANO DE BENEFÍCIOS PREVISC-SENAI-PI;PREVISC;1911
1994001992;PREVISC - SENAI-MA;PLANO DE BENEFÍCIOS PREVISC SENAI-MA;PREVISC;1911
2005004847;SENAI-PIPREV;PLANO DE BENEFÍCIOS SENAI - PIPREV;PREVISC;1911
2006005847;PREVSENAI-MA;PLANO DE BENEFÍCIOS PREVSENAI-MA;PREVISC;1911
2013001274;SESI-PIPREV;PLANO DE BENEFÍCIOS SESI-PIPREV;PREVISC;1911
1998004465;REB;REGULAMENTO DO PLANO DE BENEFÍCIOS - REB;FUNCEF;1523
2009003365;PLANO PREVIFIEA;PLANO PREVIFIEA;PREVISC;1911
2020000792;PLANO CD II;PLANO DE APOSENTADORIA DE CONTRIBUIGAO DEFINIDA II;FUNCESP;1239
2022001974;FEF;FIPECQ ENTES FEDERATIVOS;FIPECQ;1451
2008003183;PREVFIEPA;PLANO PREVFIEPA;PREVISC;1911
2008003256;SABIC-PREV;PLANO DE BENEFÍCIOS SABIC-PREV;ICATUFMP;3438
2002002029;TIMPREV-NORDESTE;PLANO DE BENEFÍCIOS TIMPREV - NORDESTE;ICATUFMP;3438
2002002118;TIMPREV-SUL;PLANO DE BENEFÍCIOS TIMPREV SUL;ICATUFMP;3438
2021002438;BRKPREV;PLANO DE BENEFÍCIOS BRKPREV;ICATUFMP;3438
1982000783;BD I;PLANO I DE BENEFICIOS SALDADO;INFRAPREV;59
1993000992;PLANO DE BENEFÍCIOS DEUTSCHE BANK;PLANO DE APOSENTADORIA DEUTSCHE BANK;MULTIPREV;2258
2009002156;HCPA PREV;HCPA PREV;BB PREVIDENCIA;3188
1979003947;CIFRÃO;PLANO DE BENEFÍCIO DEFINIDO CIFRÃO - PBDC;CIFRAO;241
2010003683;MOEDAPREV;PLANO MOEDAPREV;CIFRAO;241
1997003211;PREVISC - SISTEMA FIEP;PLANO DE BENEFÍCIOS PREVISC SISTEMA FIEP;PREVISC;1911
1999002156;SENACPREV;PLANO DE BENEFÍCIOS SENACPREV;PREVISC;1911
2006001411;SESCPREV-SC;PLANO DE BENEFÍCIOS SESCPREV-SC;PREVISC;1911
1990001092;PREVDOW;PLANO DE CONTRIBUIÇÃO DEFINIDA PREVDOW;PREVDOW;1729
2020003392;PB-AEROSPACE;PLANO DE BENEFÍCIOS AEROSPACE;ICATUFMP;3438
2005003956;PLANO IV;PLANO DE BENEFÍCIOS IV;BANESPREV;93
2016001747;PLANO A  ELENCO;PLANO DE BENEFÍCIOS A - ELENCO;ELANCO PREV;4889
1999001656;PPG;PLANO DE BENEFÍCIOS DA PPG;ICATUFMP;3438
2021000729;PLANO DE APOSENTADORIA ELANCO;PLANO DE APOSENTADORIA ELANCO;ELANCO PREV;4889
2005002992;ICATU SEGUROS;PLANO DE BENEFÍCIOS DO GRUPO ICATU SEGUROS;ICATUFMP;3438
2016001674;PLANO  D ELANCO;PLANO DE BENEFÍCIOS D - ELANCO;ELANCO PREV;4889
2012000347;METALSA;PLANO DE APOSENTADORIA METALSA;ICATUFMP;3438
2009003519;PLANO PREVI-CONTINENTAL;PLANO DE APOSENTADORIA PREVI-CONTINENTAL;ICATUFMP;3438
2005003638;CMSPREV;PLANO DE BENEFÍCIOS CMSPREV;ICATUFMP;3438
1999001729;AJINOMOTO;PLANO AJINOMOTO DE PREVIDÊNCIA;ICATUFMP;3438
2005006556;PLANO FIEPEPREV;PLANO DE BENEFÍCIOS FIEPEPREV;ICATUFMP;3438
2004002018;PREV PEPSICO;PLANO DE BENEFICIOS PEPSICO;PREV PEPSICO;2721
2012000983;OJIPREV;PLANO DE BENEFICIOS OJIPREV;MULTIPREV;2258
2021000583;PREV-CE (SERVIDOR);PLANO DE PREVIDÊNCIA COMPLEMENTAR DOS SERVIDORES DO ESTADO DO CEARÁ;CE-PREVCOM;4892
2021002829;PREV-CE MUNICÍPIOS (SERVIDOR);PLANO DE PREVIDÊNCIA COMPLEMENTAR DOS MUNICÍPIOS DO ESTADO DO CEARÁ;CE-PREVCOM;4892
2023000165;SER +;PLANO DE BENEFÍCIOS SER +;SERPROS;941
1995003174;GIVAUDAN;PLANO DE BENEFÍCIOS GIVAUDAN DO BRASIL LTDA;MULTIPREV;2258
2002000956;PREV-RENDA;PLANO PREV-RENDA;ICATUFMP;3438
1979001774;PLANO UNIFICADO BD;PLANO UNIFICADO DE BENEFÍCIO DEFINIDO  BD;FUNDACAO COPEL;285
1998005283;PBPIII;PLANO DE BENEFÍCIOS PREVIDENCIÁRIOS III;FUNDACAO COPEL;285
2006000756;PLANO PECÚLIO;PLANO DE PECÚLIO;FUNDACAO COPEL;285
1986000265;BÁSICO;PLANO DE BENEFÍCIO DEFINIDO (BÁSICO);BASES;121
1990001165;VIVAPREV;PLANO VIVA DE PREVIDÊNCIA E PECÚLIO;VIVA;4683
2009002083;CD XPREV;PLANO DE APOSENTADORIA CD XPREV;ICATUFMP;3438
2018001892;PREVCOM MULTI (SERVIDOR);PLANO DE BENEFÍCIOS PREVCOM MULTI;SP-PREVCOM;4707
2017000256;PLANO III;PLANO III DE APOSENTADORIA;BANESES;81
1999002318;PFIZER PREV;PLANO DE BENEFÍCIOS PFIZER PREV;PFIZER PREV;3945
2000007538;PLANO MISTO;PLANO MISTO DE BENEFÍCIOS PREVIDENCIÁRIOS N° 1;PREVIDÊNCIA USIMINAS;1033
1998004147;UNERJ PREV;PLANO UNERJ PREV;PREVISC;1911
2000006183;FIESCPREV;PLANO DE BENEFÍCIOS FIESCPREV;PREVISC;1911
1998001229;PLANO II;PLANO II DE APOSENTADORIA;BANESES;81
1998005518;UNIVALIPREVIDENCIA;PLANO DE BENEFÍCIOS UNIVALIPREVIDÊNCIA;PREVISC;1911
1998003711;MISTO I;PLANO MISTO DE BENEFÍCIOS PREVIDENCIÁRIOS Nº 001;BASES;121
2020002711;FAMÍLIA ATLÂNTICO;PLANO FAMÍLIA ATLÂNTICO;FATL;4203
2000001319;PBS - TELE NORTE CELULAR;PLANO PBS - TELE NORTE CELULAR;FATL;4203
1981001565;PQ PREV;PLANO DE BENEFÍCIOS PQ PREV;MULTIPREV;2258
1904000118;CAPEC;CARTEIRA DE PECÚLIOS;PREVI/BB;1781
2010001338;PLANO MJN PREV;PLANO DE APOSENTADORIA MJN PREV;MULTIPREV;2258
2000001238;PBS - TELE NORDESTE CELULAR;PLANO DE BENEFÍCIOS PBS TELE NORDESTE CELULAR;ICATUFMP;3438
1995003247;PLANO DE APOSENTADORIA;PLANO DE APOSENTADORIA TETRA PAK PREV;TETRA PAK PREV;3407
2019002711;PREVI FAMÍLIA (FAMÍLIA);PLANO SETORIAL PREVI FAMÍLIA;PREVI/BB;1781
2012000819;PAI I;PLANO ASSOCIATIVO INFRAPREV FAMÍLIA;INFRAPREV;59
1996003811;FUJITSU;PLANO DE BENEFÍCIOS FUJITSU DO BRASIL LTDA;MULTIBRA;1482
1995000892;ARCH;PLANO DE BENEFÍCIOS INNOVATIVE WATER CARE;MULTIBRA;1482
2008003329;SAE TOWERS PREV;PLANO DE BENEFÍCIOS SAE TOWERS PREV;MULTIBRA;1482
1999004965;POUPREV;PLANO PROGRAMADO DE BENEFÍCIOS DA POUPREV;POUPREV;3887
2007001292;FIEMTPREV;PLANO FIEMTPREV;PREVISC;1911
1998004392;SGA-PREV;PLANO DE BENEFÍCIOS SGA-PREV;MULTIBRA;1482
1989000665;SESI - BA - PREVIND;PLANO DE BENEFÍCIOS PREVIND - SESI/BA;MULTIBRA;1482
1988002338;SENAI - BA (PREVIND);PLANO DE BENEFÍCIOS PREVIND-SENAI-BA;MULTIBRA;1482
1989000592;FIEB;FIEB PREVIND BAHIA - FIEB/IEL-BA;MULTIBRA;1482
1993001565;TAP AIR;PLANO DE BENEFÍCIOS TAPPREV;MULTIBRA;1482
1996004956;ALL MALHA OESTE;PLANO DE BENEFÍCIOS ALL MALHA OESTE;MULTIBRA;1482
2001000138;PLANO MISTO;PLANO MISTO DE BENEFÍCIOS PREVIDENCIÁRIOS Nº 01;MULTIBRA;1482
1997001683;HUNTSMAN 1;PLANO DE APOSENTADORIA HUNTSMAN 1;MULTIBRA;1482
2003001247;APABA;APABA;MULTIBRA;1482
2003000119;ERNST;PLANO DE BENEFÍCIOS ERNST & YOUNG;MULTIBRA;1482
2004003138;AIR FRANCE - PLANO I;PLANO DE BENEFÍCIOS AIR FRANCE I;MULTIBRA;1482
2004001518;AIR FRANCE - PLANO II;PLANO DE BENEFÍCIOS AIR FRANCE II;MULTIBRA;1482
2005004456;SITA;PLANO DE BENEFÍCIOS II - SITA;MULTIBRA;1482
2005001392;WEST PHARMA;PLANO DE BENEFÍCIOS DA WEST PREV;MULTIBRA;1482
2005004065;TATE & LYLE;PLANO DE APOSENTADORIA MERCOPREV;MULTIBRA;1482
1983000329;GREIF;PLANO DE BENEFÍCIOS GREIF;MULTIBRA;1482
1987001419;RESAPREV;PLANO DE APOSENTADORIA RESAPREV;MULTIBRA;1482
1987000838;BD;PLANO CORRENTE DE BENEFICIO DEFINIDO;MULTIBRA;1482
1997001111;BIPREV;PLANO DE APOSENTADORIA BIPREV;MULTIBRA;1482
2007002711;HUNTMAN 2;PLANO DE APOSENTADORIA HUNTSMAN 2;MULTIBRA;1482
2010001729;CD INVISTA;PLANO DE BENEFÍCIOS CD INVISTA;MULTIBRA;1482
2010003829;CPIC;PLANO DE BENEFÍCIOS CPIC;MULTIBRA;1482
2010004965;PETROCOQUE II;PLANO DE APOSENTADORIA PETROCOQUE;MULTIBRA;1482
2011000238;PLANO NTNPREV;PLANO DE APOSENTADORIA NTNPREV;MULTIBRA;1482
2011001129;UNIGEL PREV;PLANO DE BENEFÍCIOS UNIGEL PREV;MULTIBRA;1482
2020000938;PLANO DE BENEFÍCIOS ARXADA;PLANO DE BENEFÍCIOS ARXADA;MULTIBRA;1482
1980002029;BD;PLANO DE BENEFÍCIO DEFINIDO;FACHESF;361
1987000218;PREVISC - FIESC;PLANO DE BENEFÍCIOS PREVISC-FIESC;PREVISC;1911
1993002911;PREVMETAL;PLANO DE BENEFÍCIOS PREVMETAL;MULTIBRA;1482
1995000256;PETROCOQUE;PLANO DE BENEFÍCIOS PETROCOQUE;MULTIBRA;1482
1998003574;PREVI FUTURO;PLANO DE BENEFÍCIOS 2;PREVI/BB;1781
2007001111;T-SYSTEMS;PLANO DE BENEFÍCIOS T-SYSTEMS;ICATUFMP;3438
2007002965;ASSORELPREV;PLANO BEN. PREV.RELIGIOSOS EM GERAL DE TODO O TERR.NAC. ASS.DA ASSOREL;MULTIBRA INSTITUIDOR;775
2022000129;PLANO DE BENEFÍCIOS INDUSPREV FLEX SESI;PLANO DE BENEFÍCIOS INDUSPREV FLEX SESI - SP;MULTIBRA;1482
2022000056;INDUSPREV FLEX SENAI;PLANO DE BENEFÍCIOS INDUSPREV FLEX SENAI-SP;MULTIBRA;1482
2009001818;ANDRITZ;PLANO DE APOSENTADORIA ANDRITZ;MULTIBRA;1482
2004000538;INDUSPREV - SESI/SP;INDUSPREV - SESI/SP;MULTIBRA;1482
2021003256;INDUSPREV FLEX FIESP/CIESP;PLANO DE BENEFÍCIOS INDUSPREV FLEX FIESP/CIESP;MULTIBRA;1482
2013001819;AB FREIOS;PLANO DE APOSENTADORIA AB FREIOS;MULTIBRA;1482
2004000465;INDUSPREV - SENAI/SP;INDUSPREV - SENAI/SP;MULTIBRA;1482
2023000718;PLANO DE PREVIDÊNCIA VWFS;PLANO DE PREVIDÊNCIA VWFS;VWPP;3472
1992000174;PLANO B;PREVIDENCIARIO ESTATUTARIO;AGROS;14
1991002165;PLANO BÁSICO - BD;PLANO DE APOSENTADORIA E-INVEST;PREVI-ERICSSON;1359
1991002238;PLANO SUPLEMENTAR - CV;PLANO DE APOSENTADORIA SUPLEMENTAR E-INVEST;PREVI-ERICSSON;1359
2014000311;PREVES SE (SERVIDOR);PLANO DE BENEFÍCIOS DOS SERVIDORES PÚBLICOS DO ESTADO DO ESPÍRITO SANTO;PREVES;4755
2015001247;PREVES CDT (SERVIDOR);PLANO DE BENEFÍCIOS DOS SERVIDORES E EMPREGADOS DE CARGO EM COMISSÃO OU DESIGNAÇÃO TEMPORÁRIA DO EST;PREVES;4755
1985000938;PREVIPLAN;PLANO DE APOSENTADORIA PREVIPLAN;PREVIPLAN;2155
2008001083;INVESTPREV;PLANO INVESTPREV;AGROS;14
1979005265;PLANO DE SUPLEMENTAÇÃO;PLANO DE SUPLEMENTAÇÃO DA MÉDIA SALARIAL;CBS;1208
1995003956;PLANO MISTO;PLANO MISTO DE BENEFÍCIO SUPLEMENTAR;CBS;1208
1998001474;PLANO 35% M S;PLANO DE 35% DA MEDIA SALARIAL;CBS;1208
2013001411;CBSPREV;PLANO CBSPREV;CBS;1208
1980000883;PLANO A;PREVIDENCIARIO CELETISTA;AGROS;14
1979001529;PBB;PLANO BÁSICO DE BENEFÍCIOS;FAPES;391
1997001365;PLANO A;PLANO DE BENEFÍCIOS A;PREVI NOVARTIS;1818
2002000174;PLANO D;PLANO DE BENEFÍCIOS D;PREVI NOVARTIS;1818
2020002574;PREVES ENTES (SERVIDOR);PLANO MULTIPATROCINADO PARA ENTES FEDERATIVOS;PREVES;4755
1995003565;VISTEONPREV;PLANO DE APOSENTADORIA VISTEONPREV;VBPP;4128
2010005211;PREV FUPF CD;PLANO DE BENEFÍCIOS PREV FUPF CD;BB PREVIDENCIA;3188
1980001383;IBM BD;PLANO DE BENEFÍCIOS DA IBM BRASIL;IBM;1571
2017000574;AMAZUL PREV;AMAZUL PREV;BB PREVIDENCIA;3188
1967000174;PLANO BD;PLANO DE BENEFÍCIOS DEFINIDOS;CAPEF;182
2010003047;IGARASSU PREV;PLANO DE BENEFÍCIOS IGARASSU PREV;BB PREVIDENCIA;3188
2019000865;PENSE FUTURO;PLANO DE BENEFÍCIOS PENSE FUTURO;BB PREVIDENCIA;3188
2010001419;PLANO CV I;PLANO DE CONTRIBUIÇÃO VARIÁVEL I;CAPEF;182
2012000665;BBPREV REALIZE+;PLANO DE BENEFÍCIOS BBPREV REALIZE+;BB PREVIDENCIA;3188
2003000747;SEESPPREV;PLANO DE BENEFÍCIOS SEESPPREV;BB PREVIDENCIA;3188
2016000538;BBTS PREV;BBTS PREV;BB PREVIDENCIA;3188
2019001047;BBPREV COOP (SETORIAL);PLANO DE BENEFÍCIOS SETORIAL DO COOPERATIVISMO AGROPECUÁRIO;BB PREVIDENCIA;3188
2004002174;TECNOPREV;PLANO DE BENEFÍCIOS TECNOPREV;BB PREVIDENCIA;3188
1999005147;PLANO MISTO;PLANO MISTO DE BENEFÍCIOS ¿ FAPA;FUSAN;535
2013000456;APEXPREV;PLANO DE BENEFÍCIOS APEXPREV;BB PREVIDENCIA;3188
2007003074;SANTA CRUZ PREV;PLANO DE BENEFÍCIOS SANTA CRUZ PREV;BB PREVIDENCIA;3188
1980001219;BÁSICO;PLANO BÁSICO DE BENEFÍCIOS;ORIUS;2141
2021003019;BBPREV BRASIL (SERVIDOR);PLANO DE BENEFÍCIOS BBPREV BRASIL;BB PREVIDENCIA;3188
2017000711;TERRA PREV;PLANO DE BENEFÍCIOS TERRA PREV;BB PREVIDENCIA;3188
2006006811;CEBPREV;PLANO DE BENEFICIOS CEBPREV;FACEB;357
1994002565;PLANO FUNTERRA PREV;PLANO DE BENEFÍCIOS FUNTERRA PREV;BB PREVIDENCIA;3188
2004000147;PCV;PLANO DE BENEFÍCIOS PCV;CAGEPREV;4181
2002004129;CARREFOURPREV;PLANO DE BENEFÍCIOS CARREFOURPREV;CARREFOURPREV;4114
2023000947;PE-PREVCOM;PLANO DE BENEFÍCIOS PE-PREVCOM;BB PREVIDENCIA;3188
2016000619;PLANO PREVER;PLANO DE BENEFICIOS PREVER;FAPERS;1403
2000008038;PLANO MISTO;PLANO DE BENEFÍCIOS II;FAPERS;1403
2008004783;PGS;PLANO GERAL SALDADO;FAPERS;1403
2000006965;PLANO CELGPREV;PLANO DE BENEFÍCIOS CELGPREV;ELETRA;1345
1980002347;PLANO BD ELETRA 01;PLANO DE BENEFÍCIO DEFINIDO ELETRA 01;ELETRA;1345
1999004183;PMB;PLANO MISTO DE BENEFÍCIOS;CAPOF;196
1992001065;PLANO DE BENEFÍCIOS PREVIDENCIÁRIOS 001;PLANO DE BENEFÍCIOS PREVIDENCIÁRIOS 001;PREVSAN;2333
1979000719;PLANO;PLANO DE BENEFÍCIOS CONAB;CIBRIUS;2316
2015001492;CONAB SALDADO;PLANO DE BENEFÍCIOS CONAB SALDADO;CIBRIUS;2316
1990001483;PLANO BÁSICO;PLANO DE BENEFÍCIOS BÁSICO;SABESPREV;936
1982002018;PSAP/BANDEIRANTE;PLANO DE SUPLEMENTAÇÃO DE APOSENTADORIA E PENSÃO PSAP/BANDEIRANTE;ENERPREV;4443
1990001629;PLANO DE BENEFÍCIOS BD;PLANO DE COMPLEMENTAÇÃO DE APOSENTADORIA E PENSÃO - SISTEMA FCEMG;SUPREV;984
1993000811;PLANO DE BENEFÍCIOS;PLANO DE BENEFÍCIOS DA INOVAR PREVIDENCIA;INOVAR PREVIDENCIA;2693
2015000747;PLANO CELPA R;PLANO DE BENEFICIOS CELPA R;EQTPREV;1434
1985000474;BD EQUATORIAL PIAUÍ;PLANO DE BENEFÍCIO DEFINIDO EQUATORIAL PIAUÍ;EQTPREV;1434
1993001311;PREVISC - FECOMERCIO / SESC - SC;PLANO DE BENEFÍCIOS PREVISC-FECOMÉRCIO/SESC;PREVISC;1911
2000007074;PMB;PLANO MISTO DE BENEFÍCIOS;SUPRE;3085
1996002392;BD I - SENAC - ARRJ;PLANO BÁSICO DE BENEFÍCIOS I - SENAC-ARRJ;PREVINDUS;3099
2005002111;PREVI-CERTO;PLANO PREVI-CERTO;UASPREV;4296
2020000611;PLANO FACEB-SALDADO;PLANO FACEB-SALDADO;FACEB;357
1986000729;PREVIBOSCH;PLANO DE APOSENTADORIA BOSCH;PREVIBOSCH;744
1974000338;BD-ELOS/ENGIE;PLANO BD - ELOS/ENGIE;ELOS;2525
1993000429;PLANO COMPL. BENEF. PREV. DA FACEB;PLANO COMPLEMENTAR DE BENEFÍCIOS PREVIDENCIAIS DA FACEB;FACEB;357
2001002238;BS;PLANO SALDADO DE BENEFÍCIOS;FACHESF;361
1989000983;MAGNUS;PLANO DE BENEFICIOS MAGNUS;BB PREVIDENCIA;3188
2006004011;SCHNEIDER PREV;PLANO DE BENEFÍCIOS SCHNEIDER;IFM;3126
2006001183;ALSTOM PREVI;PLANO DE APOSENTADORIA DA ALSTOM;IFM;3126
2016000147;AXALTA PREV;PLANO AXALTA PREV;MULTIPENSIONS;3825
2004000211;CESAMA;PLANO MISTO DE BENEFÍCIO DE BENEFÍCIOS CESAMA;MULTIPENSIONS;3825
1997000229;FOLHAPREV;PLANO FOLHA PREV;MULTIPENSIONS;3825
1989001874;GPP;PLANO DE APOSENTADORIA GOODYEAR;MULTIPENSIONS;3825
1988003318;GRACE PREV;PLANO DE BENEFÍCIOS DA GRACE DO BRASIL LTDA;MULTIPENSIONS;3825
1989001092;J&H;PLANO I DE APOSENTADORIA DO GRUPO MARSH BRASIL;MULTIPENSIONS;3825
1993001638;HERINGPREV;PLANO DE BENEFÍCIOS HERING-PREV;MULTIPENSIONS;3825
2005004774;JOHN DEERE;PLANO DE APOSENTADORIA JOHN DEERE;MULTIPENSIONS;3825
1994000783;LUBRIZOL PREV;PLANO DE BENEFÍCIOS LUBRIZOL PREV;MULTIPENSIONS;3825
1996001574;SUPLEMENTAR;PLANO SUPLEMENTAR MARISOL PREVIDÊNCIA;MULTIPENSIONS;3825
1998001156;MARTINSPREV;PLANO DE BENEFÍCIOS MARTINSPREV;MULTIPENSIONS;3825
1998004619;METRO RIO;PLANO DE BENEFÍCIOS METRO RIO;MULTIPENSIONS;3825
1995001929;PLANO;PLANO DE BENEFICIOS OESPREV;MULTIPENSIONS;3825
1988002265;PMPREV;PLANO DE BENEFÍCIOS PMPREV;MULTIPENSIONS;3825
1997003783;PORTOBELLO;PLANO PORTOBELLO PREV;MULTIPENSIONS;3825
1988002192;PREVIDA;PLANO DE BENEFÍCIOS PREVIDA;MULTIPENSIONS;3825
2007003619;PLANO DE APOSENT PREVINOKIA-SIEMENS;PLANO DE APOSENTADORIA PREVINOKIA-SIEMENS;MULTIPENSIONS;3825
1999005074;TEXTIL PREV;PLANO DE APOSENTADORIA TÊXTIL PREV;MULTIPENSIONS;3825
2020003211;VERALLIA;PLANO DE PREVIDÊNCIA COMPLEMENTAR VERALLIA;MULTIPENSIONS;3825
1982002311;PSAP/PIRATININGA;PLANO DE SUPLEMENTAÇÃO DE APOSENTADORIAS E PENSÃO PSAP/PIRATININGA;FUNCESP;1239
2001001118;ARM PREV;PLANO DE BENEFÍCIOS ARM PREV;MULTIPENSIONS;3825
1998001083;MESSIUS;PLANO DE BENEFÍCIOS MESSIUS;MULTIPENSIONS;3825
1981000674;PANATLANTICA;PLANO DE BENEFÍCIOS PANATLÂNTICA;MULTIPENSIONS;3825
1986000419;ELETRICAS - BD I;PLANO DE BENEFICIOS ELETRICAS - BD I;ENERGISAPREV;4131
1993001018;CEMAT BD - I;PLANO DE BENEFÍCIOS CEMAT BD - I;ENERGISAPREV;4131
1998006311;ELÉTRICAS - OP;PLANO DE BENEFÍCIOS ELÉTRICAS - OP;ENERGISAPREV;4131
1998006719;CEMAT - OP;PLANO DE BENEFÍCIOS CEMAT - OP;ENERGISAPREV;4131
2006006665;PLANO R;PLANO DE BENEFÍCIOS R;ENERGISAPREV;4131
2008004538;PBSI;PLANO DE BENEFÍCIOS SERGIPE SALDADO;ENERGISAPREV;4131
1987000374;BD FUNASA;PLANO DE BENEFÍCIO DEFINIDO FUNASA;ENERGISAPREV;4131
1989001165;PLANO I;PLANO DE BENEFICIOS I;ENERGISAPREV;4131
2002000247;PLANO II;PLANO DE BENEFICIOS II;ENERGISAPREV;4131
2008004211;PSF;PLANO SALDADO FUNASA;ENERGISAPREV;4131
2010001265;PLANO D;PLANO D DE BENEFÍCIOS PREVIDENCIÁRIOS;BRASLIGHT;1105
1994002956;AZENPREV;PLANO DE BENEFÍCIOS AZENPREV;IFM;3126
2021001156;PAP - FRONERI;PLANO DE APOSENTADORIA PROGRAMADA - PAP - FRONERI;IFM;3126
2021001318;PAP II - FRONERI;PLANO DE APOSENTADORIA PROGRAMADA II ¿ PAP II - FRONERI;IFM;3126
2000002838;TCSPREV;PLANO DE BEN. TCSPREV - P. PRIV. DA TELE CENTRO SUL PARTICIPAÇÕES S.A.;FATL;4203
2001002092;STARRETT;PLANO STARRETT DE BENEFICIOS;ICATUFMP;3438
2013002238;FBPREV II;PLANO DE BENEFICIOS FBPREV II;BANRISUL/FBSS;117
1994002174;PLANO BÁSICO;PLANO BÁSICO DE BENEFÍCIOS DA UNIPREVI;UNIPREVI;3006
2013001983;CARESTREAMPREV;PLANO DE BENEFÍCIOS CARESTREAMPREV;ICATUFMP;3438
1981000811;ENERGISA SUDESTE;PLANO DE BENEFÍCIOS ENERGISA SUDESTE;ENERGISAPREV;4131
2000007783;PB MISTO Nº 007 - SISTEMA FCEMG;PLANO MISTO DE BENEFÍCIOS DA FCEMG / SESC-MG / SENAC-MG;SUPREV;984
2020001365;PLANO DE BENEFÍCIOS DXC;PLANO DE BENEFÍCIOS DXC;VALUE PREV;3527
1998005356;CORNPREV;PLANO DE BENEFÍCIOS CORNPREV;MULTIPREV;2258
2019002256;PLANO HP;PLANO HP MAIS;MULTIPREV;2258
2017001147;PLANO CMOC;PLANO DE APOSENTADORIA SUPLEMENTAR CMOC;MULTIPREV;2258
2008000729;VEYANCE;PLANO VEYANCE PREVIDÊNCIA COMPLEMENTAR;MULTIPREV;2258
1996000365;IBM - CD;PLANO DE BENEFÍCIOS DE CONTRIBUIÇÃO DEFINIDA DA IBM BRASIL;IBM;1571
2016001518;PLANO SCPREV (SERVIDOR);PLANO DE BENEFÍCIOS DE PREVIDÊNCIA COMPLEMENTAR DO ESTADO DE SANTA CATARINA;SCPREV;4801
2000004229;PLANO KPMG;PLANO DE APOSENTADORIA KPMG;KPMG PREV;4039
1982001811;BD II;PLANO II DE BENEFÍCIOS;INFRAPREV;59
2000008119;PACV;PLANO DE APOSENTADORIA DE CONTRIBUIÇÃO VARIÁVEL;INFRAPREV;59
1997000938;AESPM;PLANO DE APOSENTADORIA  AESPM;IFM;3126
1993002219;MCPREV;PLANO DE APOSENTADORIA MCPREV;IFM;3126
2008002365;CASANPREV;PLANO MISTO DE BENEFÍCIOS PREVIDENCIÁRIOS DA CASAN;CASANPREV;4529
1999005211;PLANO VALE MAIS;PLANO DE BENEFÍCIOS VALE MAIS;VALIA;2083
2000008283;PLANO VALIAPREV;PLANO DE BENEFÍCIOS VALIAPREV;VALIA;2083
2012000274;PLANO DE BENEFÍCIOS VALE FERTILIZANTES;PLANO DE BENEFÍCIOS VALE FERTILIZANTES;VALIA;2083
2020000229;MOSAIC MAIS PREVIDÊNCIA;PLANO MOSAIC MAIS PREVIDÊNCIA;VALIA;2083
1993001956;CONCREMAT;PLANO DE BENEFÍCIOS CONCREMAT;MULTIPENSIONS;3825
1993003811;NOVO NORDISK;PLANO DE BENEFÍCIOS NOVO NORDISK;MULTIPREV;2258
2006006411;PLANO DE BENEFÍCIOS BD LANXESSPREV;PLANO DE BENEFÍCIOS BD LANXESSPREV;MULTIPREV;2258
1993001492;ESSILOR;PLANO DE BENFÍCIOS GRUPO ESSILOR;IFM;3126
2000002511;PB CV-03;PLANO DE BENEFÍCIOS CV-03;REGIUS;895
1997001829;BRASILSAT;PLANO BRASILSAT;FUND. BRASILSAT;3647
1979001456;PLANO ALPHA;PLANO ALPHA DE BENEFÍCIOS;IAJA;549
2008004619;PREVDATA II;PLANO DE PREVIDÊNCIA NA MODALIDADE CONTRIBUIÇÃO VARIÁVEL DA PREVDATA;PREVDATA;1715
2004000392;INDUSPREV - FIESP;INDUSPREV - FIESP;MULTIBRA;1482
2006002929;FIPECQPREV (FAMÍLIA);PLANO DE BENEFÍCIOS FIPECQPREV;FIPECQ;1451
